Date,Open,High,Low,Close,Volume,Symbol
2025-02-28,236.95,242.09,230.2,241.84,56833360,AAPL
2025-02-27,239.41,242.46,237.06,237.3,41153639,AAPL
2025-02-26,244.33,244.98,239.13,240.36,44433564,AAPL
2025-02-25,248.0,250.0,244.91,247.04,48013272,AAPL
2025-02-24,244.925,248.86,244.42,247.172,51326396,AAPL
2025-02-21,245.95,248.69,245.22,245.55,53197431,AAPL
2025-02-20,244.94,246.78,244.29,245.83,32316907,AAPL
2025-02-19,244.66,246.01,243.16,244.87,32204215,AAPL
2025-02-18,243.91,245.18,241.84,244.47,48822491,AAPL
2025-02-14,241.25,245.55,240.99,244.6,40896227,AAPL
2025-02-13,236.91,242.339,235.57,241.53,53614054,AAPL
2025-02-12,231.2,236.96,230.68,236.87,45243292,AAPL
2025-02-11,228.2,235.23,228.13,232.62,53718362,AAPL
2025-02-10,229.57,230.585,227.2,227.65,33115645,AAPL
2025-02-07,232.345,233.743,227.01,227.38,39750881,AAPL
2025-02-06,231.031,233.543,230.172,232.964,29958251,AAPL
2025-02-05,228.279,232.414,228.019,232.215,39708599,AAPL
2025-02-04,227.0,232.874,226.401,232.544,45116851,AAPL
2025-02-03,229.737,231.575,225.452,227.76,73143632,AAPL
2025-01-31,246.919,246.919,233.184,235.741,101186258,AAPL
2025-01-30,238.403,240.526,236.949,237.329,55719474,AAPL
2025-01-29,233.863,239.592,233.753,239.097,45536111,AAPL
2025-01-28,230.596,239.926,230.557,237.998,75790808,AAPL
2025-01-27,223.774,231.895,223.734,229.608,94967718,AAPL
2025-01-24,224.533,225.382,221.167,222.535,54758046,AAPL
2025-01-23,224.493,226.781,222.056,223.414,60300986,AAPL
2025-01-22,219.549,223.874,219.549,223.584,64197005,AAPL
2025-01-21,223.754,224.174,219.139,222.395,98178255,AAPL
2025-01-17,231.86,232.035,228.229,229.727,68563602,AAPL
2025-01-16,237.089,237.749,227.78,228.009,71837949,AAPL
2025-01-15,234.377,238.698,234.173,237.609,39875763,AAPL
2025-01-14,234.492,235.861,232.217,233.024,39478652,AAPL
2025-01-13,233.274,234.412,229.468,234.143,49685293,AAPL
2025-01-10,239.746,239.896,232.744,236.59,61778705,AAPL
2025-01-08,241.654,243.445,239.786,242.433,37670312,AAPL
2025-01-07,242.713,245.28,241.085,241.944,40900880,AAPL
2025-01-06,244.042,247.058,242.933,244.731,45095097,AAPL
2025-01-03,243.093,243.912,241.624,243.093,40288361,AAPL
2025-01-02,248.657,248.826,241.555,243.582,55802016,AAPL
2024-12-31,252.163,253.002,249.156,250.145,39524126,AAPL
2024-12-30,251.953,253.222,250.475,251.923,35596636,AAPL
2024-12-27,257.547,258.416,252.782,255.309,42401889,AAPL
2024-12-26,257.906,259.814,257.347,258.736,27292958,AAPL
2024-12-24,255.209,257.926,255.01,257.916,23260251,AAPL
2024-12-23,254.49,255.369,253.172,254.99,40903697,AAPL
2024-12-20,247.768,254.72,245.42,254.211,147657435,AAPL
2024-12-19,247.228,251.723,246.824,249.516,60949202,AAPL
2024-12-18,251.883,254.001,247.468,247.778,56836523,AAPL
2024-12-17,249.805,253.551,249.506,253.202,51412825,AAPL
2024-12-16,247.718,251.104,247.378,250.764,51751590,AAPL
2024-12-13,247.543,249.016,245.97,247.857,33191743,AAPL
2024-12-12,246.619,248.467,245.41,247.688,32813570,AAPL
2024-12-11,247.688,250.525,245.99,246.219,45255516,AAPL
2024-12-10,246.619,247.937,245.071,247.498,36955393,AAPL
2024-12-09,241.564,246.968,241.484,246.479,44698322,AAPL
2024-12-06,242.638,244.361,241.814,242.573,36911157,AAPL
2024-12-05,243.722,244.271,241.864,242.773,40077894,AAPL
2024-12-04,242.603,243.842,240.985,242.743,44432734,AAPL
2024-12-03,239.547,242.493,238.638,242.384,38903743,AAPL
2024-12-02,237.009,240.526,236.9,239.327,48190028,AAPL
2024-11-29,234.547,237.549,233.713,237.069,28512691,AAPL
2024-11-27,234.207,235.431,233.553,234.672,33535269,AAPL
2024-11-26,233.074,235.311,233.074,234.802,46036749,AAPL
2024-11-25,231.206,232.989,229.488,232.614,90251953,AAPL
2024-11-22,227.81,230.467,227.81,229.618,38210217,AAPL
2024-11-21,228.629,229.902,225.462,228.269,42154624,AAPL
2024-11-20,227.81,229.677,225.642,228.748,35208234,AAPL
2024-11-19,226.731,229.907,226.411,228.029,36251588,AAPL
2024-11-18,225.003,229.488,224.923,227.77,44735151,AAPL
2024-11-15,226.151,226.671,224.024,224.753,47976387,AAPL
2024-11-14,224.773,228.619,224.753,227.969,44973334,AAPL
2024-11-13,223.764,226.401,222.515,224.873,48619614,AAPL
2024-11-12,224.303,225.342,223.11,223.984,40442716,AAPL
2024-11-11,224.753,225.452,221.257,223.984,42051786,AAPL
2024-11-08,226.921,228.409,226.156,226.711,38370965,AAPL
2024-11-07,224.132,227.375,224.077,226.98,42230431,AAPL
2024-11-06,222.121,225.569,220.704,222.231,54681204,AAPL
2024-11-05,221.308,223.458,220.654,222.959,28173208,AAPL
2024-11-04,220.505,222.301,219.228,221.522,45043386,AAPL
2024-11-01,220.48,224.855,219.786,222.42,65420408,AAPL
2024-10-31,228.836,229.325,224.875,225.414,64511757,AAPL
2024-10-30,232.099,232.957,229.046,229.595,47174505,AAPL
2024-10-29,232.588,233.81,231.81,233.157,35495196,AAPL
2024-10-28,232.808,234.214,232.039,232.887,36166558,AAPL
2024-10-25,229.236,232.708,229.066,230.902,38887703,AAPL
2024-10-24,229.475,230.313,227.908,230.064,31177971,AAPL
2024-10-23,233.566,234.628,227.26,230.253,52402057,AAPL
2024-10-22,233.371,235.701,232.089,235.342,38932075,AAPL
2024-10-21,233.935,236.33,233.935,235.961,36334262,AAPL
2024-10-18,235.661,235.661,233.496,234.484,46533662,AAPL
2024-10-17,232.917,233.336,230.014,231.64,33066425,AAPL
2024-10-16,231.091,231.61,229.335,231.271,34157251,AAPL
2024-10-15,233.097,236.968,231.86,233.336,64893878,AAPL
2024-10-14,228.198,231.221,228.098,230.792,39969861,AAPL
2024-10-11,228.796,228.906,226.841,227.05,31829086,AAPL
2024-10-10,227.28,228.996,226.671,228.537,28245573,AAPL
2024-10-09,224.735,229.246,224.336,229.036,33665021,AAPL
2024-10-08,223.807,225.484,222.76,225.274,31925804,AAPL
2024-10-07,224.007,225.194,220.844,221.203,39592301,AAPL
2024-10-04,227.4,227.499,223.638,226.302,37427290,AAPL
2024-10-03,224.646,226.307,222.83,225.174,34119085,AAPL
2024-10-02,225.394,226.871,222.53,226.282,32952971,AAPL
2024-10-01,229.016,229.146,223.249,225.713,63424331,AAPL
2024-09-30,229.535,232.488,229.146,232.488,54913985,AAPL
2024-09-27,227.958,229.016,226.801,227.29,34100854,AAPL
2024-09-26,226.801,227.998,224.915,227.02,36717340,AAPL
2024-09-25,224.436,226.791,223.528,225.873,42401832,AAPL
2024-09-24,228.143,228.846,225.234,226.871,43651930,AAPL
2024-09-23,226.841,228.946,225.314,225.973,54265192,AAPL
2024-09-20,229.465,232.578,227.12,227.699,319381269,AAPL
2024-09-19,224.496,229.315,224.137,228.367,66928293,AAPL
2024-09-18,217.072,222.221,217.062,220.205,60026750,AAPL
2024-09-17,215.276,216.424,214.029,216.314,45619522,AAPL
2024-09-16,216.064,216.743,213.45,215.845,59488066,AAPL
2024-09-13,223.089,223.548,221.423,222.011,36847538,AAPL
2024-09-12,222.011,223.059,219.337,222.281,37580754,AAPL
2024-09-11,220.969,222.6,217.412,222.171,44685203,AAPL
2024-09-10,218.439,220.994,216.254,219.627,51704579,AAPL
2024-09-09,220.335,220.784,216.234,220.425,67327821,AAPL
2024-09-06,223.458,224.745,219.287,220.335,48529585,AAPL
2024-09-05,221.138,224.985,221.034,221.892,36695984,AAPL
2024-09-04,221.173,221.293,217.002,220.365,43936683,AAPL
2024-09-03,228.048,228.497,220.684,222.281,50301038,AAPL
2024-08-30,229.684,229.894,226.98,228.497,53107397,AAPL
2024-08-29,229.595,232.408,228.377,229.285,52020537,AAPL
2024-08-28,227.42,229.355,225.184,225.993,38135915,AAPL
2024-08-27,225.499,228.347,224.396,227.529,36013647,AAPL
2024-08-26,226.262,226.781,223.398,226.681,30669560,AAPL
2024-08-23,225.163,227.719,223.837,226.342,38762374,AAPL
2024-08-22,227.29,227.838,223.408,224.037,43791489,AAPL
2024-08-21,226.022,227.479,224.556,225.903,34841995,AAPL
2024-08-20,225.274,226.671,224.955,226.013,30365718,AAPL
2024-08-19,225.224,225.494,222.55,225.394,40777362,AAPL
2024-08-16,223.428,226.329,223.159,225.554,44437828,AAPL
2024-08-15,224.107,224.855,222.271,224.226,46516165,AAPL
2024-08-14,220.086,222.54,219.218,221.233,42052924,AAPL
2024-08-13,218.529,221.403,218.529,220.784,44252512,AAPL
2024-08-12,215.596,219.028,215.126,217.052,38111787,AAPL
2024-08-09,211.39,216.053,211.26,215.516,42343481,AAPL
2024-08-08,212.396,213.482,208.131,212.595,47319653,AAPL
2024-08-07,206.207,212.924,205.698,209.117,63729889,AAPL
2024-08-06,204.613,209.286,200.397,206.536,69894610,AAPL
2024-08-05,198.423,212.785,195.343,208.569,119950380,AAPL
2024-08-02,218.416,224.844,216.98,219.124,105923365,AAPL
2024-08-01,223.619,223.728,216.293,217.629,62711055,AAPL
2024-07-31,220.698,223.07,219.891,221.336,50204429,AAPL
2024-07-30,218.456,219.587,215.396,218.067,41783801,AAPL
2024-07-29,216.233,218.565,215.028,217.509,36433818,AAPL
2024-07-26,217.967,218.754,215.286,217.23,41741163,AAPL
2024-07-25,218.197,220.111,213.901,216.762,51563919,AAPL
2024-07-24,223.25,224.047,216.403,217.808,61985204,AAPL
2024-07-23,223.614,226.18,221.935,224.256,40094562,AAPL
2024-07-22,226.25,227.017,222.343,223.21,48363836,AAPL
2024-07-19,224.067,226.04,222.527,223.559,49316646,AAPL
2024-07-18,229.509,229.668,221.525,223.429,66256521,AAPL
2024-07-17,228.682,230.684,225.881,228.113,57538618,AAPL
2024-07-16,234.212,235.479,231.551,234.034,43379584,AAPL
2024-07-15,235.688,236.436,232.31,233.615,62841749,AAPL
2024-07-12,228.153,231.861,227.914,229.767,53224811,AAPL
2024-07-11,230.614,231.611,225.014,226.808,64928103,AAPL
2024-07-10,228.532,232.3,228.482,232.2,62838172,AAPL
2024-07-09,227.166,228.632,225.614,227.914,48331716,AAPL
2024-07-08,226.329,227.087,222.502,227.057,59284443,AAPL
2024-07-05,220.908,225.691,220.908,225.582,60615448,AAPL
2024-07-03,219.263,220.808,218.297,220.808,37495397,AAPL
2024-07-02,215.426,219.642,214.379,219.532,58241265,AAPL
2024-07-01,211.38,216.782,211.21,216.023,60605937,AAPL
2024-06-28,215.048,215.346,209.596,209.914,82820136,AAPL
2024-06-27,213.971,215.017,211.638,213.382,49939988,AAPL
2024-06-26,210.791,214.141,209.934,212.535,66435722,AAPL
2024-06-25,208.449,210.672,207.911,208.369,56904477,AAPL
2024-06-24,207.024,211.988,205.898,207.443,80998321,AAPL
2024-06-21,209.685,211.18,206.417,206.795,247249551,AAPL
2024-06-20,213.214,213.522,208.151,208.978,86462068,AAPL
2024-06-18,216.861,217.897,212.287,213.572,80211935,AAPL
2024-06-17,212.655,218.217,212.007,215.945,94043311,AAPL
2024-06-14,213.134,214.449,210.592,211.778,70358423,AAPL
2024-06-13,214.021,216.023,210.891,213.522,98191636,AAPL
2024-06-12,206.675,219.462,206.207,212.357,198800203,AAPL
2024-06-11,193.001,206.466,192.981,206.457,172952626,AAPL
2024-06-10,196.24,196.639,191.506,192.473,97588965,AAPL
2024-06-07,193.998,196.28,193.49,196.23,53282389,AAPL
2024-06-06,195.03,195.842,193.52,193.829,41320160,AAPL
2024-06-05,194.746,196.24,194.217,195.214,54338800,AAPL
2024-06-04,193.983,194.666,192.387,193.699,47630992,AAPL
2024-06-03,192.254,194.337,191.875,193.38,50248854,AAPL
2024-05-31,190.799,191.925,189.274,191.606,75410876,AAPL
2024-05-30,190.121,191.536,189.992,190.649,50115811,AAPL
2024-05-29,188.975,191.603,188.875,189.652,53246372,AAPL
2024-05-28,190.869,192.354,188.466,189.353,52455759,AAPL
2024-05-24,188.188,189.942,187.411,189.343,36449066,AAPL
2024-05-23,190.34,190.36,185.999,186.254,51177350,AAPL
2024-05-22,191.621,192.177,189.633,190.26,34764997,AAPL
2024-05-21,190.45,192.084,190.28,191.706,42451598,AAPL
2024-05-20,188.691,191.277,188.377,190.4,44510369,AAPL
2024-05-17,188.875,190.171,188.546,189.234,41421673,AAPL
2024-05-16,189.832,190.455,189.025,189.205,53022837,AAPL
2024-05-15,187.281,190.012,186.742,189.085,70636595,AAPL
2024-05-14,186.882,187.669,185.667,186.802,52569709,AAPL
2024-05-13,184.814,186.474,184.002,185.657,72286944,AAPL
2024-05-10,184.28,184.47,181.519,182.436,50930093,AAPL
2024-05-09,181.702,183.793,181.254,183.703,49214259,AAPL
2024-05-08,181.991,182.21,180.597,181.881,45269837,AAPL
2024-05-07,182.588,184.032,180.468,181.542,77670793,AAPL
2024-05-06,181.496,183.334,179.573,180.856,78940657,AAPL
2024-05-03,185.768,186.121,181.802,182.518,163994820,AAPL
2024-05-02,171.699,172.6,170.088,172.217,94659779,AAPL
2024-05-01,168.782,171.894,168.316,168.505,50621046,AAPL
2024-04-30,172.515,174.168,169.202,169.529,66246106,AAPL
2024-04-29,172.555,175.203,172.287,172.685,68491301,AAPL
2024-04-26,169.082,170.535,168.386,168.505,45050071,AAPL
2024-04-25,168.727,169.808,167.361,169.092,50797055,AAPL
2024-04-24,165.757,168.505,165.429,168.226,48479670,AAPL
2024-04-23,164.573,166.265,164.146,166.115,49771668,AAPL
2024-04-22,164.738,166.474,163.996,165.061,48343639,AAPL
2024-04-19,165.429,165.619,163.304,164.156,68087805,AAPL
2024-04-18,167.24,167.847,165.767,166.255,43326520,AAPL
2024-04-17,168.812,169.848,167.21,167.21,51141555,AAPL
2024-04-16,170.943,172.944,167.48,168.584,74059284,AAPL
2024-04-15,174.536,175.8,171.689,171.879,73878975,AAPL
2024-04-12,173.441,177.521,173.391,175.72,102150955,AAPL
2024-04-11,167.549,174.635,167.37,174.217,91500290,AAPL
2024-04-10,168.006,168.296,166.325,166.991,49944053,AAPL
2024-04-09,167.906,169.282,167.559,168.872,42651655,AAPL
2024-04-08,168.236,168.406,167.45,167.659,37602228,AAPL
2024-04-05,168.792,169.589,168.156,168.782,42303636,AAPL
2024-04-04,169.489,171.113,168.026,168.026,53957967,AAPL
2024-04-03,167.996,169.878,167.788,168.852,47916905,AAPL
2024-04-02,168.286,168.544,167.44,168.046,49562405,AAPL
2024-04-01,170.385,170.445,168.678,169.232,46458838,AAPL
2024-03-28,170.943,171.421,169.708,170.674,65982783,AAPL
2024-03-27,169.609,172.785,169.312,172.495,60557863,AAPL
2024-03-26,169.202,170.614,168.782,168.912,57659425,AAPL
2024-03-25,169.763,171.132,168.653,170.048,54544666,AAPL
2024-03-22,170.953,172.237,169.262,171.47,71496142,AAPL
2024-03-21,176.218,176.656,170.038,170.564,106682636,AAPL
2024-03-20,174.894,177.83,174.267,177.83,53675355,AAPL
2024-03-19,173.521,175.775,172.217,175.252,55475959,AAPL
2024-03-18,174.745,176.875,172.705,172.904,75961171,AAPL
2024-03-15,170.365,171.809,169.484,171.809,122327591,AAPL
2024-03-14,172.097,173.489,171.241,172.187,73257790,AAPL
2024-03-13,171.959,172.37,169.958,170.325,52736533,AAPL
2024-03-12,172.336,173.212,170.207,172.415,60107855,AAPL
2024-03-11,172.127,173.561,171.241,171.939,60423439,AAPL
2024-03-08,168.206,172.884,168.146,169.928,76627158,AAPL
2024-03-07,168.356,169.928,167.698,168.206,72103921,AAPL
2024-03-06,170.256,170.435,167.887,168.326,68911564,AAPL
2024-03-05,169.958,171.231,168.822,169.322,95581551,AAPL
2024-03-04,175.322,176.068,172.973,174.277,81894975,AAPL
2024-03-01,178.707,179.681,176.547,178.816,73910432,AAPL
2024-02-29,180.418,181.712,178.687,179.9,137327985,AAPL
2024-02-28,181.652,182.26,179.284,180.567,49185089,AAPL
2024-02-27,180.249,183.058,178.717,181.772,54575333,AAPL
2024-02-26,181.384,181.901,179.8,180.309,41060388,AAPL
2024-02-23,184.14,184.17,181.374,181.662,45332723,AAPL
2024-02-22,182.617,184.085,181.602,183.503,52539121,AAPL
2024-02-21,181.086,182.03,179.81,181.463,41725768,AAPL
2024-02-20,180.936,181.572,179.154,180.706,53918951,AAPL
2024-02-16,182.558,183.982,180.811,181.453,49987386,AAPL
2024-02-15,182.687,183.623,180.498,182.996,65743464,AAPL
2024-02-14,184.449,184.659,181.582,183.284,54888471,AAPL
2024-02-13,184.897,185.335,182.65,184.17,56796450,AAPL
2024-02-12,187.529,187.783,185.912,186.271,41979219,AAPL
2024-02-09,187.763,189.098,187.116,187.962,45368429,AAPL
2024-02-08,188.256,188.403,186.232,187.196,41207977,AAPL
2024-02-07,189.502,189.911,187.486,188.281,53759796,AAPL
2024-02-06,185.745,188.181,185.655,188.171,43751872,AAPL
2024-02-05,187.026,188.121,184.732,186.561,70087103,AAPL
2024-02-02,178.787,186.212,178.181,184.742,103167387,AAPL
2024-02-01,182.888,185.834,182.723,185.745,65274972,AAPL
2024-01-31,185.924,185.979,183.25,183.299,55800824,AAPL
2024-01-30,189.801,190.656,186.351,186.917,56194742,AAPL
2024-01-29,190.864,191.053,188.448,190.586,47428678,AAPL
2024-01-26,193.11,193.598,190.794,191.272,44861748,AAPL
2024-01-25,194.055,195.095,191.96,193.011,55151271,AAPL
2024-01-24,194.254,195.208,193.18,193.339,53953311,AAPL
2024-01-23,193.855,194.582,192.673,194.015,42609887,AAPL
2024-01-22,191.152,194.165,191.113,192.733,60494888,AAPL
2024-01-19,188.201,190.804,187.693,190.417,69316670,AAPL
2024-01-18,184.979,188.011,184.722,187.504,78474091,AAPL
2024-01-17,180.189,181.839,179.224,181.589,47601521,AAPL
2024-01-16,181.074,183.161,179.853,182.534,65996913,AAPL
2024-01-12,184.949,185.626,184.084,184.81,40720805,AAPL
2024-01-11,185.427,185.934,182.524,184.482,49423369,AAPL
2024-01-10,183.25,185.287,182.823,185.079,47073846,AAPL
2024-01-09,182.823,184.046,181.639,184.036,43099026,AAPL
2024-01-08,180.999,184.492,180.417,184.453,59499566,AAPL
2024-01-05,180.904,181.669,179.094,180.099,62754180,AAPL
2024-01-04,181.064,181.995,179.799,180.824,72415750,AAPL
2024-01-03,183.121,184.771,182.335,183.151,58765173,AAPL
2024-01-02,186.032,187.316,182.788,184.532,82983926,AAPL
2023-12-29,192.743,193.24,190.581,191.382,42928346,AAPL
2023-12-28,192.981,193.499,192.018,192.424,34254329,AAPL
2023-12-27,191.342,192.345,189.949,191.998,48376393,AAPL
2023-12-26,192.454,192.733,191.679,191.898,29092938,AAPL
2023-12-22,194.015,194.244,191.818,192.444,37372611,AAPL
2023-12-21,194.93,195.904,192.345,193.519,46761624,AAPL
2023-12-20,195.725,196.501,193.667,193.667,52556474,AAPL
2023-12-19,194.99,195.775,194.721,195.765,40958493,AAPL
2023-12-18,194.92,195.456,193.23,194.721,56086588,AAPL
2023-12-15,196.351,197.216,195.825,196.391,129310130,AAPL
2023-12-14,196.839,198.429,194.99,196.928,67232820,AAPL
2023-12-13,193.925,196.819,193.687,196.779,70826881,AAPL
2023-12-12,191.928,193.558,190.577,193.548,53013285,AAPL
2023-12-11,191.958,192.335,190.277,192.027,61309597,AAPL
2023-12-08,193.041,194.82,192.514,194.542,53727003,AAPL
2023-12-07,192.474,193.836,192.434,193.11,47762705,AAPL
2023-12-06,193.289,193.598,190.963,191.172,41336434,AAPL
2023-12-05,189.076,193.24,189.046,192.266,67028426,AAPL
2023-12-04,188.846,188.916,186.332,188.301,43650024,AAPL
2023-12-01,189.195,190.417,188.101,190.098,45979229,AAPL
2023-11-30,188.707,189.185,187.066,188.816,49087321,AAPL
2023-11-29,189.761,190.944,187.841,188.241,43272476,AAPL
2023-11-28,188.647,189.94,188.271,189.263,38646060,AAPL
2023-11-27,188.786,189.532,187.772,188.657,40796081,AAPL
2023-11-24,189.731,189.761,188.121,188.836,24192727,AAPL
2023-11-22,190.347,191.779,189.686,190.168,39867944,AAPL
2023-11-21,190.267,190.377,188.607,189.502,38363439,AAPL
2023-11-20,188.756,190.759,188.746,190.307,46818026,AAPL
2023-11-17,189.116,189.243,187.446,188.557,51247250,AAPL
2023-11-16,188.438,189.821,187.524,188.577,54739603,AAPL
2023-11-15,186.724,188.369,186.659,186.888,54113450,AAPL
2023-11-14,186.58,186.987,185.188,186.321,60469261,AAPL
2023-11-13,184.712,184.919,183.111,183.697,43889453,AAPL
2023-11-10,182.873,185.452,182.434,185.287,66575246,AAPL
2023-11-09,181.628,182.781,180.488,181.084,54157585,AAPL
2023-11-08,181.024,182.116,180.269,181.558,49701908,AAPL
2023-11-07,177.876,181.114,177.668,180.498,71046897,AAPL
2023-11-06,175.097,178.125,174.928,177.926,64309218,AAPL
2023-11-03,172.972,175.533,172.088,175.365,80414333,AAPL
2023-11-02,174.243,176.487,174.183,176.278,77901556,AAPL
2023-11-01,169.755,172.962,168.881,172.705,57352195,AAPL
2023-10-31,168.117,169.655,166.678,169.527,45174704,AAPL
2023-10-30,167.791,169.925,167.642,169.051,51505706,AAPL
2023-10-27,165.696,167.731,165.617,166.996,58927883,AAPL
2023-10-26,169.131,170.131,164.464,165.677,71142887,AAPL
2023-10-25,170.629,171.801,169.407,169.855,57575879,AAPL
2023-10-24,171.791,172.405,170.203,172.178,44137786,AAPL
2023-10-23,169.665,172.745,168.693,171.741,56390400,AAPL
2023-10-20,174.034,174.144,171.384,171.622,64714887,AAPL
2023-10-19,174.759,176.547,173.914,174.183,59737507,AAPL
2023-10-18,174.303,176.283,173.836,174.561,55165756,AAPL
2023-10-17,175.36,177.122,173.529,175.862,57971142,AAPL
2023-10-16,175.463,177.772,175.226,177.421,52901893,AAPL
2023-10-13,180.1,180.605,176.844,177.548,51833215,AAPL
2023-10-12,178.76,181.014,177.737,179.395,57159002,AAPL
2023-10-11,176.903,178.541,176.307,178.491,47899611,AAPL
2023-10-10,176.804,178.412,176.656,177.092,44018292,AAPL
2023-10-09,175.523,177.747,174.521,177.687,42701464,AAPL
2023-10-06,172.535,176.695,171.921,176.198,57686396,AAPL
2023-10-05,172.525,174.173,171.424,173.638,48883590,AAPL
2023-10-04,169.845,172.943,169.725,172.396,53408884,AAPL
2023-10-03,171.002,172.366,169.577,171.145,49958103,AAPL
2023-10-02,169.975,173.032,169.685,172.485,52546861,AAPL
2023-09-29,170.769,171.811,169.102,169.965,52241185,AAPL
2023-09-28,168.107,170.779,166.401,169.447,56707014,AAPL
2023-09-27,171.364,171.781,167.82,169.191,67412293,AAPL
2023-09-26,173.548,173.924,170.411,170.709,65062332,AAPL
2023-09-25,172.933,175.683,172.883,174.798,46511151,AAPL
2023-09-22,173.399,175.791,172.784,173.519,57141138,AAPL
2023-09-21,173.279,175.018,172.595,172.665,63611951,AAPL
2023-09-20,177.956,178.388,174.124,174.213,58864473,AAPL
2023-09-19,176.228,178.323,175.842,177.767,52206793,AAPL
2023-09-18,175.196,178.075,174.888,176.675,67750519,AAPL
2023-09-15,175.196,175.211,172.555,173.737,110060249,AAPL
2023-09-14,172.735,174.818,172.317,174.462,61342076,AAPL
2023-09-13,175.226,176.009,172.715,172.943,84885547,AAPL
2023-09-12,178.185,178.82,173.548,175.018,91032536,AAPL
2023-09-11,178.76,178.988,176.049,178.055,59385133,AAPL
2023-09-08,177.052,178.927,176.497,176.884,66082879,AAPL
2023-09-07,173.905,176.913,172.278,176.268,113313260,AAPL
2023-09-06,187.028,187.478,180.15,181.578,82355023,AAPL
2023-09-05,186.909,188.597,186.245,188.321,45611895,AAPL
2023-09-01,188.107,188.537,186.909,188.082,46101936,AAPL
2023-08-31,186.474,187.744,186.115,186.504,61240044,AAPL
2023-08-30,183.595,186.484,183.395,186.284,61259607,AAPL
2023-08-29,178.388,183.555,178.194,182.781,53392426,AAPL
2023-08-28,178.78,179.276,177.246,178.879,44141869,AAPL
2023-08-25,176.089,177.846,174.541,177.311,51826680,AAPL
2023-08-24,179.359,179.785,174.729,175.097,55348508,AAPL
2023-08-23,177.221,180.229,177.027,179.801,53109169,AAPL
2023-08-22,175.772,176.387,174.968,175.941,42392690,AAPL
2023-08-21,173.796,174.848,172.47,174.561,46651309,AAPL
2023-08-18,171.047,173.826,170.709,173.22,61620495,AAPL
2023-08-17,175.852,176.214,172.218,172.735,66547072,AAPL
2023-08-16,175.842,177.241,175.216,175.285,47309073,AAPL
2023-08-15,177.578,178.175,175.762,176.159,43942313,AAPL
2023-08-14,176.675,178.383,176.014,178.155,43995736,AAPL
2023-08-11,176.029,177.321,175.265,176.497,52418061,AAPL
2023-08-10,177.934,179.193,176.069,176.437,55162052,AAPL
2023-08-09,179.312,179.371,175.484,176.656,60903150,AAPL
2023-08-08,178.143,178.718,176.05,178.251,68412350,AAPL
2023-08-07,180.561,181.551,175.823,177.31,98423956,AAPL
2023-08-04,183.922,185.766,180.354,180.423,116964447,AAPL
2023-08-03,189.921,190.712,189.048,189.523,62784144,AAPL
2023-08-02,193.36,193.5,190.198,190.921,50827185,AAPL
2023-08-01,194.544,195.037,193.598,193.919,35588003,AAPL
2023-07-31,194.371,194.797,193.578,194.757,39161475,AAPL
2023-07-28,192.992,194.933,192.467,194.144,48711071,AAPL
2023-07-27,194.332,195.501,190.891,191.554,47872585,AAPL
2023-07-26,192.003,193.954,191.654,192.825,47884374,AAPL
2023-07-25,191.664,192.766,191.254,191.953,37607173,AAPL
2023-07-24,191.744,193.231,190.594,191.09,45900513,AAPL
2023-07-21,192.427,193.29,189.583,190.286,72576907,AAPL
2023-07-20,193.41,194.777,190.836,191.466,60098926,AAPL
2023-07-19,191.437,196.524,190.99,193.42,81206891,AAPL
2023-07-18,191.684,192.657,190.757,192.061,48773944,AAPL
2023-07-17,190.246,192.647,190.157,192.318,50959153,AAPL
2023-07-14,188.59,189.533,187.996,189.048,41977866,AAPL
2023-07-13,188.859,189.543,188.146,188.899,41701582,AAPL
2023-07-12,188.046,190.048,186.846,188.136,61278137,AAPL
2023-07-11,187.53,187.669,184.992,186.46,47043380,AAPL
2023-07-10,187.629,188.355,185.424,186.985,60442856,AAPL
2023-07-07,189.761,191.01,188.6,189.038,47221796,AAPL
2023-07-06,188.206,190.366,187.57,190.157,45548392,AAPL
2023-07-05,189.916,191.318,188.979,189.682,47327974,AAPL
2023-07-03,192.111,192.21,190.107,190.801,31731554,AAPL
2023-06-30,189.979,192.805,189.613,192.298,85953676,AAPL
2023-06-29,187.453,188.432,187.313,187.956,46750042,AAPL
2023-06-28,186.311,188.265,185.985,187.619,51661849,AAPL
2023-06-27,184.288,186.767,184.07,186.44,51171671,AAPL
2023-06-26,185.708,186.43,183.635,183.675,48506527,AAPL
2023-06-23,183.952,185.945,183.416,185.072,53578556,AAPL
2023-06-22,182.157,185.434,182.088,185.389,51690623,AAPL
2023-06-21,183.307,183.813,181.018,182.374,49945963,AAPL
2023-06-20,182.822,184.496,182.822,183.416,50231821,AAPL
2023-06-16,185.121,185.379,182.683,183.327,102136090,AAPL
2023-06-15,182.374,184.912,182.197,184.408,66001747,AAPL
2023-06-14,181.791,182.802,180.453,182.364,57962205,AAPL
2023-06-13,181.225,182.564,180.868,181.731,55406435,AAPL
2023-06-12,179.709,182.306,179.411,182.207,55230788,AAPL
2023-06-09,179.936,180.659,179.073,179.401,49324889,AAPL
2023-06-08,176.362,179.282,175.932,179.013,50651223,AAPL
2023-06-07,176.902,179.65,175.793,176.288,62482882,AAPL
2023-06-06,178.414,178.568,175.902,177.666,65411873,AAPL
2023-06-05,181.058,183.357,176.502,178.033,123006151,AAPL
2023-06-02,179.471,180.215,177.715,179.391,62535635,AAPL
2023-06-01,176.169,178.568,175.407,178.538,69500531,AAPL
2023-05-31,175.798,177.805,175.238,175.723,100490981,AAPL
2023-05-30,175.434,177.449,175.05,175.773,56450703,AAPL
2023-05-26,171.827,174.256,171.619,173.917,55311463,AAPL
2023-05-25,170.924,172.396,170.211,171.5,56545376,AAPL
2023-05-24,169.616,170.933,169.051,170.359,45535762,AAPL
2023-05-23,171.639,171.887,169.799,170.084,51188231,AAPL
2023-05-22,172.48,173.204,171.957,172.7,43949541,AAPL
2023-05-19,174.87,174.87,173.433,173.652,56294431,AAPL
2023-05-18,171.51,173.731,171.094,173.543,66065790,AAPL
2023-05-17,170.231,171.436,168.951,171.202,58455174,AAPL
2023-05-16,170.508,171.647,170.318,170.587,42476210,AAPL
2023-05-15,171.667,171.717,169.994,170.587,37590487,AAPL
2023-05-12,172.124,172.56,169.526,171.084,45928798,AAPL
2023-05-11,172.114,172.847,170.45,172.015,50014017,AAPL
2023-05-10,171.292,172.294,170.185,171.822,54266297,AAPL
2023-05-09,171.322,171.807,169.887,170.057,45783983,AAPL
2023-05-08,170.759,172.114,170.391,171.767,56527162,AAPL
2023-05-05,169.27,172.559,169.055,171.837,114597314,AAPL
2023-05-04,163.245,165.372,162.669,164.136,82054663,AAPL
2023-05-03,167.808,169.215,165.492,165.777,65792896,AAPL
2023-05-02,168.393,168.649,165.867,166.857,48914055,AAPL
2023-05-01,167.59,168.747,166.956,167.897,53002111,AAPL
2023-04-28,166.808,168.153,166.204,167.985,55833292,AAPL
2023-04-27,163.54,166.877,163.54,166.728,65556851,AAPL
2023-04-26,161.427,163.629,161.174,162.124,45957638,AAPL
2023-04-25,163.54,164.645,162.095,162.134,49205330,AAPL
2023-04-24,163.353,163.947,162.254,163.679,42372630,AAPL
2023-04-21,163.402,164.791,162.847,163.372,58925657,AAPL
2023-04-20,164.431,166.194,163.907,164.986,52985385,AAPL
2023-04-19,164.146,166.482,163.887,165.955,48201410,AAPL
2023-04-18,164.441,165.739,163.997,164.809,50426467,AAPL
2023-04-17,163.441,163.739,162.392,163.579,41934896,AAPL
2023-04-14,162.947,164.66,162.184,163.56,49884529,AAPL
2023-04-13,160.016,164.146,159.809,163.907,69135904,AAPL
2023-04-12,159.61,160.442,158.185,158.501,50638640,AAPL
2023-04-11,160.729,160.739,158.907,159.194,48124695,AAPL
2023-04-10,159.809,160.412,158.481,160.412,48198093,AAPL
2023-04-06,160.808,163.313,160.382,163.016,45847869,AAPL
2023-04-05,163.095,163.402,160.186,162.124,52031225,AAPL
2023-04-04,164.933,165.173,163.461,163.977,46744998,AAPL
2023-04-03,162.629,164.63,162.581,164.51,57550776,AAPL
2023-03-31,160.818,163.353,160.293,163.255,69443114,AAPL
2023-03-30,159.916,160.848,159.66,160.739,50000899,AAPL
2023-03-29,157.779,159.443,157.759,159.164,51823094,AAPL
2023-03-28,156.393,156.907,154.423,156.076,46455970,AAPL
2023-03-27,158.344,159.164,156.294,156.699,52918607,AAPL
2023-03-24,157.275,158.739,156.274,158.651,59853926,AAPL
2023-03-23,157.245,159.936,156.106,157.342,68304009,AAPL
2023-03-22,157.709,160.522,156.234,156.254,76465242,AAPL
2023-03-21,155.749,157.808,154.977,157.69,74683932,AAPL
2023-03-20,153.522,156.244,152.61,155.828,74384068,AAPL
2023-03-17,154.522,155.174,152.74,153.452,99942462,AAPL
2023-03-16,150.64,154.897,150.128,154.294,77023423,AAPL
2023-03-15,149.679,151.715,148.424,151.462,77946082,AAPL
2023-03-14,149.769,151.868,148.602,151.067,74439095,AAPL
2023-03-13,146.329,151.611,146.225,148.967,85308848,AAPL
2023-03-10,148.71,149.434,146.135,147.017,69263933,AAPL
2023-03-09,152.027,152.993,148.724,149.086,54376478,AAPL
2023-03-08,151.284,151.938,150.314,151.343,47680838,AAPL
2023-03-07,152.165,152.491,149.619,150.088,56748608,AAPL
2023-03-06,152.25,154.741,151.928,152.295,88441026,AAPL
2023-03-03,146.569,149.601,145.86,149.523,71445612,AAPL
2023-03-02,142.94,145.244,142.462,144.453,52806987,AAPL
2023-03-01,145.363,145.759,143.563,143.859,56038481,AAPL
2023-02-28,145.582,147.591,145.363,145.938,51056750,AAPL
2023-02-27,146.235,147.681,145.978,146.444,45452267,AAPL
2023-02-24,145.642,145.722,144.266,145.244,56029001,AAPL
2023-02-23,148.592,148.838,145.771,147.908,48882291,AAPL
2023-02-22,147.384,148.453,145.692,147.423,51525739,AAPL
2023-02-21,148.702,149.788,146.923,146.997,59460889,AAPL
2023-02-17,150.83,151.472,149.346,151.027,59740570,AAPL
2023-02-16,151.978,154.769,151.816,152.175,68855396,AAPL
2023-02-15,151.582,153.947,151.353,153.78,66331508,AAPL
2023-02-14,150.6,152.235,149.355,151.671,62329876,AAPL
2023-02-13,149.445,152.72,149.414,152.314,62826272,AAPL
2023-02-10,147.968,149.828,147.731,149.503,58030082,AAPL
2023-02-09,152.009,152.555,148.693,149.136,56658334,AAPL
2023-02-08,152.111,152.803,149.432,150.174,64865599,AAPL
2023-02-07,148.907,153.445,148.907,152.873,84291337,AAPL
2023-02-06,150.822,151.34,149.046,149.987,70670544,AAPL
2023-02-03,146.328,155.572,146.13,152.724,156152040,AAPL
2023-02-02,147.189,149.443,146.468,149.086,119714900,AAPL
2023-02-01,142.315,144.925,139.696,143.757,78566623,AAPL
2023-01-31,141.059,142.681,140.646,142.632,66640377,AAPL
2023-01-30,143.288,143.877,141.208,141.358,64759575,AAPL
2023-01-27,141.51,145.538,141.437,144.254,71376191,AAPL
2023-01-26,141.524,142.592,140.269,142.305,54734144,AAPL
2023-01-25,139.27,140.792,137.214,140.229,66564394,AAPL
2023-01-24,138.691,141.515,138.686,140.891,67207579,AAPL
2023-01-23,136.533,141.667,136.315,139.487,82710935,AAPL
2023-01-20,133.726,136.434,132.677,136.286,81156381,AAPL
2023-01-19,132.539,134.684,132.233,133.716,58958035,AAPL
2023-01-18,135.242,137.017,133.477,133.657,70482881,AAPL
2023-01-17,133.279,135.713,132.589,134.378,64386642,AAPL
2023-01-13,130.513,133.368,130.147,133.211,58481869,AAPL
2023-01-12,132.34,132.716,129.929,131.878,72209574,AAPL
2023-01-11,129.741,131.975,128.96,131.956,70266544,AAPL
2023-01-10,128.762,129.754,126.649,129.228,64639071,AAPL
2023-01-09,128.965,131.878,128.397,128.654,71613893,AAPL
2023-01-06,124.562,128.792,123.455,128.13,88775033,AAPL
2023-01-05,125.669,126.301,123.326,123.584,81904056,AAPL
2023-01-04,125.431,127.177,123.642,124.907,90149751,AAPL
2023-01-03,128.782,129.395,122.744,123.633,113421054,AAPL
2022-12-30,126.933,128.457,125.967,128.437,77929881,AAPL
2022-12-29,126.519,128.981,126.262,128.12,76583912,AAPL
2022-12-28,128.18,129.522,124.423,124.591,86431778,AAPL
2022-12-27,129.869,129.899,127.24,128.536,69810179,AAPL
2022-12-23,129.414,130.893,128.15,130.345,64556865,AAPL
2022-12-22,132.808,133.013,128.802,130.709,78757289,AAPL
2022-12-21,131.451,135.237,131.225,133.895,86927072,AAPL
2022-12-20,129.879,131.718,128.397,130.779,78333125,AAPL
2022-12-19,133.557,133.647,129.81,130.848,80518032,AAPL
2022-12-16,135.113,136.068,132.194,132.965,162019034,AAPL
2022-12-15,139.487,140.169,134.462,134.93,100082182,AAPL
2022-12-14,143.68,144.97,139.537,141.563,83247976,AAPL
2022-12-13,147.783,148.246,142.582,143.797,94977769,AAPL
2022-12-12,141.059,142.841,139.437,142.831,71281919,AAPL
2022-12-09,140.706,143.897,139.28,140.526,76981786,AAPL
2022-12-08,140.724,141.87,139.477,141.01,62850700,AAPL
2022-12-07,140.556,141.721,138.393,139.319,70531737,AAPL
2022-12-06,145.384,145.607,140.288,141.268,65479765,AAPL
2022-12-05,146.071,149.186,144.095,144.945,69626682,AAPL
2022-12-02,144.283,146.298,143.975,146.111,66208399,AAPL
2022-12-01,146.508,147.416,144.925,146.606,72078840,AAPL
2022-11-30,139.77,147.01,138.935,146.328,112675898,AAPL
2022-11-29,142.632,143.144,138.74,139.547,84737719,AAPL
2022-11-28,143.473,144.955,141.731,142.562,70152809,AAPL
2022-11-25,146.601,147.169,145.429,146.408,35605080,AAPL
2022-11-23,147.733,150.087,147.623,149.336,58979261,AAPL
2022-11-22,146.428,148.693,145.236,148.454,52406455,AAPL
2022-11-21,148.435,148.643,146.016,146.308,59406851,AAPL
2022-11-18,150.553,150.945,148.246,149.551,75699612,AAPL
2022-11-17,144.747,149.738,144.469,148.987,81324082,AAPL
2022-11-16,147.416,148.147,145.597,147.079,64964928,AAPL
2022-11-15,150.465,151.824,146.854,148.315,90913225,AAPL
2022-11-14,147.259,148.554,145.736,146.577,74227230,AAPL
2022-11-11,144.145,148.285,142.711,147.98,95072361,AAPL
2022-11-10,139.616,145.182,137.895,145.182,120235936,AAPL
2022-11-09,136.908,136.957,133.046,133.319,75788858,AAPL
2022-11-08,138.795,139.805,135.909,137.895,90953837,AAPL
2022-11-07,135.535,137.547,134.111,137.323,84344019,AAPL
2022-11-04,140.457,141.03,132.836,136.79,142452041,AAPL
2022-11-03,140.194,140.925,136.928,137.056,99221329,AAPL
2022-11-02,146.988,150.172,143.095,143.125,94850040,AAPL
2022-11-01,153.043,153.408,147.172,148.674,81448798,AAPL
2022-10-31,151.144,152.215,149.925,151.326,99246312,AAPL
2022-10-28,146.253,155.432,145.879,153.696,166954547,AAPL
2022-10-27,146.125,147.088,142.238,142.901,110632800,AAPL
2022-10-26,148.977,149.995,146.096,147.39,89612822,AAPL
2022-10-25,148.119,150.487,147.399,150.339,75726609,AAPL
2022-10-24,145.251,148.257,144.083,147.488,76992863,AAPL
2022-10-21,140.993,145.907,140.777,145.335,87700145,AAPL
2022-10-20,141.142,143.973,140.778,141.508,65380459,AAPL
2022-10-19,139.83,143.044,139.642,141.972,62580039,AAPL
2022-10-18,143.581,144.774,138.762,141.862,100455630,AAPL
2022-10-17,139.214,141.023,138.431,140.54,86385209,AAPL
2022-10-14,142.413,142.623,136.375,136.563,89776772,AAPL
2022-10-13,133.217,141.703,132.605,141.112,114730429,AAPL
2022-10-12,137.303,138.516,136.346,136.524,71370870,AAPL
2022-10-11,138.062,139.493,136.405,137.154,78058611,AAPL
2022-10-10,138.575,140.027,136.753,138.575,75895539,AAPL
2022-10-07,140.67,141.221,137.615,138.252,87068805,AAPL
2022-10-06,143.896,145.603,143.313,143.522,69312265,AAPL
2022-10-05,142.185,145.445,141.132,144.477,80528335,AAPL
2022-10-04,143.125,144.301,142.363,144.182,88998650,AAPL
2022-10-03,136.395,141.191,135.876,140.58,115832589,AAPL
2022-09-30,139.423,141.221,136.188,136.385,126587414,AAPL
2022-09-29,144.182,144.794,138.832,140.61,129843126,AAPL
2022-09-28,145.702,148.665,142.94,147.872,148643127,AAPL
2022-09-27,150.735,152.689,147.977,149.767,85566258,AAPL
2022-09-26,147.695,151.75,147.675,148.79,94581297,AAPL
2022-09-23,149.206,149.481,146.61,148.455,97307594,AAPL
2022-09-22,150.379,152.442,148.927,150.735,87805461,AAPL
2022-09-21,155.274,156.654,151.584,151.702,103049874,AAPL
2022-09-20,151.386,156.003,151.07,154.838,109122617,AAPL
2022-09-19,147.35,152.53,147.142,152.452,82558267,AAPL
2022-09-16,149.226,149.364,146.422,148.721,164437974,AAPL
2022-09-15,152.619,153.203,149.393,150.369,91684968,AAPL
2022-09-14,152.753,155.038,151.593,153.27,89135795,AAPL
2022-09-13,157.801,158.432,151.356,151.819,124288570,AAPL
2022-09-12,157.495,162.102,157.209,161.284,106352409,AAPL
2022-09-09,153.428,155.748,152.718,155.303,68986829,AAPL
2022-09-08,152.609,154.306,150.675,152.432,86053765,AAPL
2022-09-07,152.792,154.615,151.593,153.913,88613097,AAPL
2022-09-06,154.416,155.028,151.672,152.5,74695625,AAPL
2022-09-02,157.652,158.256,152.931,153.765,77981697,AAPL
2022-09-01,154.585,156.341,152.639,155.886,75217530,AAPL
2022-08-31,158.2,158.471,155.076,155.156,89161819,AAPL
2022-08-30,160.0,160.426,155.649,156.824,78942745,AAPL
2022-08-29,159.03,160.761,157.721,159.261,74289401,AAPL
2022-08-26,168.331,168.803,161.412,161.471,80011562,AAPL
2022-08-25,166.563,167.905,166.139,167.798,51899671,AAPL
2022-08-24,165.034,165.903,164.064,165.33,54557889,AAPL
2022-08-23,164.887,166.496,164.461,165.034,54867510,AAPL
2022-08-22,167.462,167.63,164.942,165.369,69945216,AAPL
2022-08-19,170.759,171.459,169.06,169.27,71282258,AAPL
2022-08-18,171.469,172.603,170.848,171.864,63118849,AAPL
2022-08-17,170.501,173.837,170.302,172.259,80600350,AAPL
2022-08-16,170.511,171.43,169.408,170.759,57127151,AAPL
2022-08-15,169.27,171.114,169.095,170.916,54811388,AAPL
2022-08-12,167.591,169.91,167.175,169.84,68944651,AAPL
2022-08-11,167.827,168.744,165.98,166.279,57909533,AAPL
2022-08-10,165.479,167.118,164.71,167.018,71104164,AAPL
2022-08-09,161.865,163.642,161.107,162.755,63975526,AAPL
2022-08-08,164.186,165.609,162.044,162.705,61165463,AAPL
2022-08-05,161.068,163.672,160.86,163.179,57451343,AAPL
2022-08-04,163.597,164.767,162.046,163.406,56290313,AAPL
2022-08-03,158.508,164.175,158.42,163.722,83721389,AAPL
2022-08-02,157.779,160.055,157.316,157.69,60788414,AAPL
2022-08-01,158.677,161.217,158.557,159.168,68827326,AAPL
2022-07-29,158.901,161.257,157.188,160.155,103284411,AAPL
2022-07-28,154.704,155.354,152.171,155.069,82576025,AAPL
2022-07-27,150.367,155.05,149.954,154.518,79777404,AAPL
2022-07-26,150.059,150.867,148.615,149.403,55949925,AAPL
2022-07-25,151.776,152.792,150.074,150.733,54412893,AAPL
2022-07-22,153.137,154.014,151.185,151.855,67656377,AAPL
2022-07-21,152.26,153.313,149.736,153.098,66044230,AAPL
2022-07-20,148.907,151.491,148.188,150.822,65777135,AAPL
2022-07-19,145.776,149.036,144.78,148.81,84203255,AAPL
2022-07-18,148.556,149.373,144.572,144.938,82618782,AAPL
2022-07-15,147.607,148.675,146.05,147.994,77381914,AAPL
2022-07-14,141.992,146.79,141.173,146.316,79290399,AAPL
2022-07-13,140.917,144.328,140.059,143.38,72232886,AAPL
2022-07-12,143.648,146.296,142.949,143.744,78730292,AAPL
2022-07-11,143.559,144.512,141.694,142.77,64236497,AAPL
2022-07-08,143.157,145.41,142.9,144.909,65497465,AAPL
2022-07-07,141.212,144.425,141.202,144.229,67228474,AAPL
2022-07-06,139.305,142.032,139.036,140.847,75153933,AAPL
2022-07-05,135.773,139.557,134.944,139.507,74509983,AAPL
2022-07-01,134.067,137.024,133.694,136.915,72096906,AAPL
2022-06-30,135.26,136.364,131.835,134.738,100420493,AAPL
2022-06-29,135.467,138.629,134.688,137.211,67217010,AAPL
2022-06-28,140.069,141.344,135.334,135.447,68305712,AAPL
2022-06-27,140.627,141.412,138.921,139.606,71240850,AAPL
2022-06-24,137.87,139.853,137.744,139.606,90427979,AAPL
2022-06-23,134.837,136.581,133.665,136.265,73499458,AAPL
2022-06-22,132.836,135.763,131.968,133.386,74489276,AAPL
2022-06-21,131.484,135.072,131.388,133.901,82192217,AAPL
2022-06-17,128.18,131.151,127.928,129.653,136499435,AAPL
2022-06-16,130.165,130.471,127.169,128.175,109549904,AAPL
2022-06-15,132.342,135.348,130.244,133.465,92879661,AAPL
2022-06-14,131.2,131.95,129.575,130.834,86031725,AAPL
2022-06-13,130.943,133.239,129.535,129.968,124005085,AAPL
2022-06-10,138.247,138.717,135.072,135.141,92913822,AAPL
2022-06-09,144.948,145.806,140.463,140.572,70495105,AAPL
2022-06-08,146.426,147.697,145.32,145.816,54743949,AAPL
2022-06-07,142.252,146.84,142.012,146.556,68805785,AAPL
2022-06-06,144.899,146.415,142.8,144.02,72651779,AAPL
2022-06-03,144.77,145.826,142.363,143.271,89873389,AAPL
2022-06-02,145.688,149.076,144.73,149.016,73412484,AAPL
2022-06-01,147.727,149.54,145.539,146.556,75379586,AAPL
2022-05-31,146.907,148.476,144.71,146.682,105244385,AAPL
2022-05-27,143.281,147.509,143.153,147.471,92317035,AAPL
2022-05-26,135.398,142.248,135.151,141.694,91934534,AAPL
2022-05-25,136.423,139.73,136.334,138.482,93843358,AAPL
2022-05-24,138.762,139.913,135.339,138.327,105664811,AAPL
2022-05-23,135.792,141.182,135.654,141.033,119458326,AAPL
2022-05-20,137.073,138.659,130.686,135.595,139448023,AAPL
2022-05-19,137.85,139.606,134.62,135.358,138097963,AAPL
2022-05-18,144.72,145.223,137.87,138.777,111357495,AAPL
2022-05-17,146.702,147.597,144.552,147.075,79488785,AAPL
2022-05-16,143.44,145.38,142.091,143.43,87918538,AAPL
2022-05-13,142.492,145.958,141.033,144.978,115667956,AAPL
2022-05-12,140.702,144.08,136.787,140.493,185288595,AAPL
2022-05-11,151.275,153.197,143.697,144.378,144789166,AAPL
2022-05-10,153.265,154.468,150.713,152.27,117064082,AAPL
2022-05-09,152.679,153.57,149.295,149.855,133513776,AAPL
2022-05-06,153.749,157.129,151.945,155.0,117833144,AAPL
2022-05-05,161.237,161.464,152.476,154.27,132640242,AAPL
2022-05-04,157.129,163.829,156.723,163.376,110010637,AAPL
2022-05-03,155.63,158.143,153.828,156.941,90408095,AAPL
2022-05-02,154.21,155.709,150.832,155.443,125049192,AAPL
2022-04-29,159.257,163.554,154.743,155.138,133882343,AAPL
2022-04-28,156.713,161.887,156.4,161.032,132326761,AAPL
2022-04-27,153.422,157.247,152.901,154.071,89490123,AAPL
2022-04-26,159.66,159.75,154.22,154.299,97172672,AAPL
2022-04-25,158.547,160.567,155.936,160.282,97602664,AAPL
2022-04-22,163.809,165.188,158.921,159.207,86257816,AAPL
2022-04-21,166.215,168.795,163.268,163.77,88641163,AAPL
2022-04-20,166.065,166.185,163.455,164.558,69030514,AAPL
2022-04-19,162.39,165.139,161.296,164.728,68821196,AAPL
2022-04-18,161.306,163.938,160.962,162.439,70142371,AAPL
2022-04-14,167.9,168.541,162.41,162.656,76549975,AAPL
2022-04-13,164.718,168.314,164.117,167.683,71763198,AAPL
2022-04-12,165.337,167.161,163.988,164.983,80549554,AAPL
2022-04-11,166.015,166.334,162.864,163.109,73417356,AAPL
2022-04-08,169.042,169.042,166.502,167.376,77816299,AAPL
2022-04-07,168.432,170.6,167.142,169.398,78851955,AAPL
2022-04-06,169.613,170.866,167.416,169.092,90501847,AAPL
2022-04-05,174.669,175.457,171.635,172.267,74591152,AAPL
2022-04-04,171.782,175.646,171.654,175.596,77786296,AAPL
2022-04-01,171.25,172.088,169.202,171.527,80027375,AAPL
2022-03-31,175.006,175.193,171.615,171.822,104719045,AAPL
2022-03-30,175.705,176.748,173.88,174.936,94134135,AAPL
2022-03-29,173.87,176.157,173.528,176.107,102219341,AAPL
2022-03-28,169.428,172.927,169.262,172.799,91836258,AAPL
2022-03-25,171.103,172.481,170.001,171.931,81851286,AAPL
2022-03-24,168.334,171.359,167.496,171.29,91591863,AAPL
2022-03-23,165.307,169.891,164.973,167.496,99651633,AAPL
2022-03-22,162.874,166.716,162.284,166.125,82853111,AAPL
2022-03-21,160.904,163.702,160.42,162.746,97363832,AAPL
2022-03-18,157.947,161.857,157.218,161.366,125513014,AAPL
2022-03-17,156.083,158.429,155.118,158.055,76840610,AAPL
2022-03-16,154.547,157.453,151.995,157.049,103957778,AAPL
2022-03-15,148.496,153.088,147.984,152.614,94470650,AAPL
2022-03-14,149.036,151.659,147.707,148.218,110493952,AAPL
2022-03-11,156.4,156.743,152.035,152.26,98541358,AAPL
2022-03-10,157.64,157.828,153.491,155.993,107048943,AAPL
2022-03-09,158.901,160.804,156.873,160.35,92936795,AAPL
2022-03-08,156.291,160.282,153.313,154.93,133273342,AAPL
2022-03-07,160.755,162.39,156.508,156.763,97981169,AAPL
2022-03-04,161.867,162.914,159.512,160.567,85177763,AAPL
2022-03-03,165.78,166.215,162.914,163.582,77920901,AAPL
2022-03-02,161.771,164.688,160.35,163.908,81016570,AAPL
2022-03-01,162.065,163.948,159.386,160.596,84827003,AAPL
2022-02-28,160.46,162.785,159.838,162.489,96596879,AAPL
2022-02-25,161.227,162.489,158.311,162.224,93464526,AAPL
2022-02-24,150.152,160.252,149.578,160.145,143434625,AAPL
2022-02-23,162.904,163.504,157.208,157.523,91467712,AAPL
2022-02-22,162.351,164.038,159.562,161.701,92639914,AAPL
2022-02-18,167.113,167.821,163.544,164.628,84113882,AAPL
2022-02-17,168.304,169.172,165.78,166.185,70716935,AAPL
2022-02-16,169.112,170.58,167.337,169.801,62168686,AAPL
2022-02-15,168.245,170.196,167.535,170.041,65327983,AAPL
2022-02-14,164.698,166.875,163.908,166.185,87582037,AAPL
2022-02-11,169.583,170.322,165.357,165.947,100269498,AAPL
2022-02-10,171.359,172.68,168.815,169.38,92338245,AAPL
2022-02-09,173.24,173.832,172.108,173.468,72440105,AAPL
2022-02-08,168.992,172.55,168.699,172.039,76041713,AAPL
2022-02-07,170.11,171.171,168.225,168.923,78502944,AAPL
2022-02-04,168.942,171.32,167.959,169.642,83801628,AAPL
2022-02-03,171.478,173.21,169.162,169.931,90982728,AAPL
2022-02-02,171.732,172.857,170.352,172.818,86400101,AAPL
2022-02-01,171.023,171.832,169.351,171.605,87722497,AAPL
2022-01-31,167.23,171.989,166.589,171.772,117563358,AAPL
2022-01-28,162.864,167.416,159.996,167.396,183084207,AAPL
2022-01-27,159.65,161.022,155.562,156.488,124088622,AAPL
2022-01-26,160.685,161.564,155.108,156.951,110169929,AAPL
2022-01-25,156.251,159.956,154.319,157.039,117824628,AAPL
2022-01-24,157.277,159.503,152.035,158.831,165553758,AAPL
2022-01-21,161.594,163.475,159.503,159.611,124998489,AAPL
2022-01-20,164.117,166.756,161.356,161.681,93020208,AAPL
2022-01-19,167.073,168.135,163.089,163.376,96474080,AAPL
2022-01-18,168.561,169.573,166.492,166.875,92764016,AAPL
2022-01-14,168.393,170.799,168.145,170.101,81848347,AAPL
2022-01-13,172.76,173.587,168.835,169.232,85984457,AAPL
2022-01-12,173.093,174.128,171.812,172.511,76114127,AAPL
2022-01-11,169.361,172.167,167.88,172.068,77470594,AAPL
2022-01-10,166.165,169.534,165.277,169.232,108633756,AAPL
2022-01-07,169.921,171.142,168.086,169.212,88226399,AAPL
2022-01-06,169.661,172.287,168.689,169.042,98599598,AAPL
2022-01-05,176.525,177.075,171.635,171.912,96191839,AAPL
2022-01-04,179.49,179.793,176.04,176.613,101048190,AAPL
2022-01-03,174.768,179.736,174.65,178.878,106533302,AAPL
2021-12-31,175.026,176.147,174.207,174.514,65183234,AAPL
2021-12-30,176.385,177.468,175.026,175.133,60818933,AAPL
2021-12-29,176.246,177.527,175.076,176.295,63439924,AAPL
2021-12-28,177.065,178.208,175.457,176.206,80529221,AAPL
2021-12-27,174.039,177.322,174.019,177.234,76230539,AAPL
2021-12-23,172.828,173.803,172.257,173.25,69552683,AAPL
2021-12-22,170.071,172.838,169.192,172.62,93747502,AAPL
2021-12-21,168.611,170.224,166.205,170.021,92781493,AAPL
2021-12-20,165.386,167.644,164.578,166.825,109380153,AAPL
2021-12-17,167.003,170.491,166.766,168.195,199351746,AAPL
2021-12-16,176.196,178.02,167.811,169.302,152813823,AAPL
2021-12-15,172.098,176.415,169.351,176.216,133356626,AAPL
2021-12-14,172.237,174.679,169.252,171.329,141819285,AAPL
2021-12-13,177.992,178.997,172.511,172.72,155918389,AAPL
2021-12-10,172.187,176.545,171.682,176.365,117422069,AAPL
2021-12-09,171.902,173.714,170.934,171.557,110829706,AAPL
2021-12-08,169.172,172.937,167.762,172.068,119046168,AAPL
2021-12-07,166.165,168.631,165.446,168.235,122512227,AAPL
2021-12-06,161.464,164.993,161.454,162.479,109377984,AAPL
2021-12-03,161.197,162.124,156.98,159.051,120088306,AAPL
2021-12-02,156.003,161.375,155.088,160.942,139131861,AAPL
2021-12-01,164.598,167.366,161.701,161.937,155090128,AAPL
2021-11-30,157.238,162.676,157.178,162.459,177093581,AAPL
2021-11-29,156.634,158.41,156.063,157.493,90301149,AAPL
2021-11-26,156.823,157.69,153.67,154.111,78306407,AAPL
2021-11-24,157.986,159.346,156.901,159.149,70679110,AAPL
2021-11-23,158.341,159.011,156.331,158.627,97722458,AAPL
2021-11-22,158.891,162.854,158.231,158.251,119523363,AAPL
2021-11-19,154.94,158.251,153.838,157.789,119358232,AAPL
2021-11-18,151.058,155.945,150.427,155.158,140239406,AAPL
2021-11-17,148.397,152.329,148.397,150.852,90360961,AAPL
2021-11-16,147.363,148.887,146.77,148.407,60293085,AAPL
2021-11-15,147.787,149.275,146.86,147.421,60259094,AAPL
2021-11-12,145.874,147.815,144.938,147.412,64920462,AAPL
2021-11-11,146.396,146.86,145.135,145.32,41717374,AAPL
2021-11-10,147.441,147.547,145.3,145.37,66327747,AAPL
2021-11-09,147.617,148.829,147.481,148.218,57781615,AAPL
2021-11-08,148.81,148.967,147.577,147.854,55983633,AAPL
2021-11-05,149.285,149.588,147.481,148.684,66609382,AAPL
2021-11-04,148.761,149.598,147.835,148.149,61541098,AAPL
2021-11-03,147.587,149.146,147.026,148.675,55546336,AAPL
2021-11-02,145.884,148.751,145.874,147.225,70434142,AAPL
2021-11-01,146.209,146.907,145.038,146.179,76004181,AAPL
2021-10-29,144.464,147.145,143.687,147.006,127325178,AAPL
2021-10-28,147.026,150.318,146.927,149.736,101977685,AAPL
2021-10-27,146.575,146.937,145.717,146.07,57159789,AAPL
2021-10-26,146.546,148.033,146.228,146.536,62049345,AAPL
2021-10-25,145.904,146.585,144.869,145.864,51683393,AAPL
2021-10-22,146.897,147.383,145.864,145.914,60001238,AAPL
2021-10-21,146.03,146.85,145.106,146.692,62586956,AAPL
2021-10-20,145.924,146.967,145.35,146.476,59527762,AAPL
2021-10-19,144.259,146.386,143.824,145.982,77828808,AAPL
2021-10-18,140.78,144.11,140.493,143.824,87213931,AAPL
2021-10-15,141.093,142.199,140.837,142.15,69230059,AAPL
2021-10-14,139.457,141.202,138.867,141.083,71234160,AAPL
2021-10-13,138.599,138.757,136.611,138.277,80257888,AAPL
2021-10-12,140.562,140.582,138.406,138.867,74422312,AAPL
2021-10-11,139.615,142.121,139.164,140.147,65675727,AAPL
2021-10-08,141.352,141.499,139.903,140.237,59888856,AAPL
2021-10-07,140.393,141.527,140.059,140.622,62904538,AAPL
2021-10-06,136.877,139.497,135.792,139.349,84800920,AAPL
2021-10-05,136.895,139.587,136.767,138.472,82396063,AAPL
2021-10-04,139.115,139.557,135.694,136.551,100188473,AAPL
2021-10-01,139.25,140.257,136.522,139.991,96436142,AAPL
2021-09-30,140.985,141.694,138.639,138.857,90747243,AAPL
2021-09-29,139.813,141.763,139.378,140.167,76018228,AAPL
2021-09-28,140.582,142.062,139.046,139.26,111040982,AAPL
2021-09-27,142.77,143.242,141.143,142.671,75558346,AAPL
2021-09-24,142.949,144.72,142.86,144.189,54493049,AAPL
2021-09-23,143.92,144.338,142.929,144.1,66069006,AAPL
2021-09-22,141.763,143.706,141.025,143.133,77854740,AAPL
2021-09-21,141.252,141.912,140.118,140.76,77273532,AAPL
2021-09-20,141.123,142.15,138.629,140.276,125822885,AAPL
2021-09-17,146.04,146.04,143.044,143.34,132334149,AAPL
2021-09-16,145.668,146.189,144.474,146.01,69325654,AAPL
2021-09-15,145.786,146.653,143.648,146.247,84862260,AAPL
2021-09-14,147.547,148.258,144.179,145.35,111371086,AAPL
2021-09-13,147.825,148.605,145.973,146.76,104348289,AAPL
2021-09-10,152.102,152.574,145.924,146.189,143567838,AAPL
2021-09-09,152.584,153.197,151.076,151.195,58393575,AAPL
2021-09-08,154.051,154.111,151.096,152.211,75832940,AAPL
2021-09-07,152.073,154.329,151.511,153.769,83840164,AAPL
2021-09-03,150.901,151.737,150.251,151.422,58964549,AAPL
2021-09-02,150.999,151.825,149.568,150.792,72522375,AAPL
2021-09-01,149.994,152.082,149.511,149.676,81838322,AAPL
2021-08-31,149.825,149.964,148.476,149.007,88094273,AAPL
2021-08-30,146.218,150.633,145.836,150.278,92683371,AAPL
2021-08-27,144.73,145.973,144.1,145.826,56861695,AAPL
2021-08-26,145.598,146.336,144.76,144.78,49519725,AAPL
2021-08-25,147.016,147.518,145.038,145.588,60111140,AAPL
2021-08-24,146.663,148.053,146.366,146.83,49529132,AAPL
2021-08-23,145.539,147.393,145.125,146.917,61273303,AAPL
2021-08-20,144.69,145.726,144.05,145.42,61699054,AAPL
2021-08-19,142.335,145.233,141.812,143.97,88611094,AAPL
2021-08-18,147.006,147.914,143.43,143.638,87964732,AAPL
2021-08-17,147.431,148.858,146.306,147.393,93980548,AAPL
2021-08-16,145.766,148.377,143.744,148.307,105524658,AAPL
2021-08-13,146.189,146.663,145.499,146.316,60502136,AAPL
2021-08-12,143.47,146.267,143.124,146.11,75179675,AAPL
2021-08-11,143.33,143.99,142.83,143.143,49414023,AAPL
2021-08-10,143.716,144.948,142.602,142.9,70333359,AAPL
2021-08-09,143.48,143.97,142.82,143.37,49837132,AAPL
2021-08-06,143.628,144.368,142.92,143.42,55154312,AAPL
2021-08-05,144.03,144.859,143.232,144.11,47349283,AAPL
2021-08-04,144.308,144.81,143.34,144.0,57524377,AAPL
2021-08-03,142.89,145.058,142.267,144.396,66115383,AAPL
2021-08-02,143.42,144.0,142.335,142.602,64169620,AAPL
2021-07-30,141.479,143.39,141.212,142.929,71885353,AAPL
2021-07-29,141.783,143.609,141.675,142.72,57862373,AAPL
2021-07-28,141.932,144.02,139.675,142.072,121370453,AAPL
2021-07-27,146.129,146.209,142.632,143.824,106968392,AAPL
2021-07-26,145.281,146.82,144.73,145.992,73919702,AAPL
2021-07-23,144.581,145.726,143.97,145.569,72912793,AAPL
2021-07-22,143.004,145.203,142.89,143.854,78924350,AAPL
2021-07-21,142.612,143.192,141.724,142.482,76531564,AAPL
2021-07-20,140.582,144.15,140.088,143.212,98326160,AAPL
2021-07-19,140.857,141.173,138.817,139.587,123925177,AAPL
2021-07-16,145.469,146.751,142.949,143.45,95163999,AAPL
2021-07-15,146.238,146.986,144.14,145.489,109011165,AAPL
2021-07-14,145.116,146.566,144.71,146.149,129656578,AAPL
2021-07-13,141.163,144.493,140.75,142.72,102895047,AAPL
2021-07-12,143.271,143.38,141.103,141.595,77864615,AAPL
2021-07-09,139.883,142.73,139.783,142.199,101939546,AAPL
2021-07-08,138.727,141.163,137.831,140.364,107740796,AAPL
2021-07-07,140.652,141.982,139.793,141.665,107063310,AAPL
2021-07-06,137.26,140.276,137.26,139.164,110400585,AAPL
2021-07-02,135.131,137.191,134.983,137.151,80564735,AAPL
2021-07-01,133.862,134.57,133.033,134.512,53562258,AAPL
2021-06-30,133.435,134.649,133.143,134.214,64558875,AAPL
2021-06-29,132.087,133.754,131.643,133.595,65880117,AAPL
2021-06-28,130.736,132.52,130.676,132.067,63385196,AAPL
2021-06-25,130.786,131.2,130.146,130.441,72235510,AAPL
2021-06-24,131.742,131.93,130.264,130.736,70120251,AAPL
2021-06-23,131.082,131.613,130.559,131.013,61449184,AAPL
2021-06-22,129.475,131.378,128.972,131.289,76317419,AAPL
2021-06-21,127.681,129.75,126.619,129.643,81297199,AAPL
2021-06-18,128.075,128.865,127.621,127.829,111187926,AAPL
2021-06-17,127.199,129.888,127.051,129.139,98705417,AAPL
2021-06-16,127.741,128.253,125.879,127.533,93698140,AAPL
2021-06-15,127.337,127.967,126.794,127.041,64033250,AAPL
2021-06-14,125.248,127.908,124.519,127.849,98894027,AAPL
2021-06-11,123.995,124.871,123.573,124.785,54620109,AAPL
2021-06-10,124.469,125.612,123.414,123.583,72646445,AAPL
2021-06-09,124.646,125.179,123.985,124.577,58044495,AAPL
2021-06-08,124.065,125.879,123.68,124.192,75929785,AAPL
2021-06-07,123.641,123.789,122.33,123.374,72514930,AAPL
2021-06-04,121.572,123.632,121.354,123.364,76711056,AAPL
2021-06-03,122.173,122.34,120.655,121.06,77792620,AAPL
2021-06-02,121.789,122.725,121.552,122.547,60494663,AAPL
2021-06-01,122.566,122.835,121.443,121.779,69024346,AAPL
2021-05-28,123.05,123.275,122.045,122.104,72773689,AAPL
2021-05-27,123.907,125.069,122.566,122.765,96566359,AAPL
2021-05-26,124.409,124.824,123.887,124.301,57736284,AAPL
2021-05-25,125.248,125.741,123.789,124.351,73486386,AAPL
2021-05-24,123.484,125.366,123.414,124.549,64386972,AAPL
2021-05-21,125.248,125.425,122.695,122.912,80921773,AAPL
2021-05-20,122.715,125.149,122.586,124.745,78433451,AAPL
2021-05-19,120.684,122.408,120.388,122.183,94511448,AAPL
2021-05-18,124.025,124.439,122.271,122.34,64642082,AAPL
2021-05-17,124.271,124.38,122.655,123.739,75767370,AAPL
2021-05-14,123.719,125.317,123.325,124.881,83598077,AAPL
2021-05-13,122.074,123.623,121.759,122.457,108032540,AAPL
2021-05-12,120.922,122.133,119.786,120.3,114472919,AAPL
2021-05-11,121.02,123.739,120.3,123.384,128729998,AAPL
2021-05-10,126.813,126.941,124.261,124.301,89877558,AAPL
2021-05-07,128.215,128.619,126.872,127.591,80593003,AAPL
2021-05-06,125.099,126.931,124.36,126.921,79866164,AAPL
2021-05-05,126.39,127.611,125.179,125.307,85869355,AAPL
2021-05-04,128.331,128.629,123.956,125.06,140624607,AAPL
2021-05-03,129.169,131.152,128.962,129.662,76806351,AAPL
2021-04-30,128.914,130.656,128.205,128.599,112282655,AAPL
2021-04-29,133.505,134.097,129.575,130.579,154461932,AAPL
2021-04-28,131.378,132.077,130.185,130.676,110157034,AAPL
2021-04-27,132.067,132.461,131.191,131.455,67484212,AAPL
2021-04-26,131.891,132.116,130.656,131.782,68393257,AAPL
2021-04-23,129.289,132.176,129.289,131.388,80508588,AAPL
2021-04-22,130.146,131.229,128.549,129.07,86447491,AAPL
2021-04-21,129.485,130.834,128.44,130.599,70378522,AAPL
2021-04-20,132.077,132.58,128.944,130.214,96921285,AAPL
2021-04-19,130.608,132.52,130.441,131.9,96360960,AAPL
2021-04-16,131.368,131.732,130.382,131.239,86811337,AAPL
2021-04-15,130.904,132.057,130.736,131.563,91334474,AAPL
2021-04-14,131.997,132.057,128.785,129.159,89162903,AAPL
2021-04-13,129.565,131.722,129.06,131.494,93296611,AAPL
2021-04-12,129.643,129.958,127.781,128.381,93453462,AAPL
2021-04-09,126.981,130.146,126.657,130.106,109059765,AAPL
2021-04-08,126.142,127.552,125.721,127.525,90820787,AAPL
2021-04-07,123.098,125.129,122.418,125.109,85323289,AAPL
2021-04-06,123.759,124.36,122.921,123.474,81954525,AAPL
2021-04-05,121.177,123.424,120.388,123.167,90623066,AAPL
2021-04-01,120.97,121.473,119.816,120.319,76759362,AAPL
2021-03-31,118.998,120.833,118.507,119.491,120955734,AAPL
2021-03-30,117.502,117.786,116.28,117.304,87577543,AAPL
2021-03-29,118.998,119.906,118.102,118.742,82616886,AAPL
2021-03-26,117.737,118.832,116.34,118.566,96163686,AAPL
2021-03-25,116.949,119.007,116.419,117.964,101043312,AAPL
2021-03-24,120.143,120.222,117.452,117.482,90499693,AAPL
2021-03-23,120.645,121.532,119.481,119.866,97590644,AAPL
2021-03-22,117.717,121.177,117.65,120.704,114401580,AAPL
2021-03-19,117.304,118.782,117.078,117.383,189676752,AAPL
2021-03-18,120.202,120.497,117.707,117.905,124171640,AAPL
2021-03-17,121.344,123.128,119.678,122.045,114422385,AAPL
2021-03-16,122.971,124.449,121.995,122.844,117790983,AAPL
2021-03-15,118.762,121.294,117.806,121.285,94650072,AAPL
2021-03-12,117.786,118.527,116.574,118.388,90064795,AAPL
2021-03-11,119.866,120.525,118.616,119.307,105318162,AAPL
2021-03-10,119.037,119.511,116.861,117.383,114433313,AAPL
2021-03-09,116.449,119.404,116.21,118.448,132406858,AAPL
2021-03-08,118.29,118.358,113.676,113.825,157810450,AAPL
2021-03-05,118.338,119.287,115.01,118.772,157186874,AAPL
2021-03-04,119.097,120.912,116.041,117.522,182117725,AAPL
2021-03-03,122.094,122.981,119.187,119.404,115479081,AAPL
2021-03-02,125.612,125.919,122.291,122.399,104535563,AAPL
2021-03-01,121.06,125.139,120.114,125.001,118894961,AAPL
2021-02-26,119.916,122.133,118.556,118.616,168220756,AAPL
2021-02-25,121.966,123.709,117.915,118.348,151495984,AAPL
2021-02-24,122.222,122.835,119.571,122.625,113509796,AAPL
2021-02-23,121.07,123.966,115.816,123.128,161793531,AAPL
2021-02-22,125.218,126.901,122.873,123.265,106227860,AAPL
2021-02-19,127.416,127.859,125.997,127.051,89618875,AAPL
2021-02-18,126.39,127.169,124.626,126.891,99011159,AAPL
2021-02-17,128.391,129.349,126.657,127.987,100266987,AAPL
2021-02-16,132.54,133.053,129.898,130.293,82368597,AAPL
2021-02-12,131.417,132.58,130.796,132.421,61482954,AAPL
2021-02-11,132.946,133.426,130.854,132.186,65709828,AAPL
2021-02-10,133.515,134.018,131.464,132.441,74671357,AAPL
2021-02-09,133.655,134.876,132.896,133.053,78481923,AAPL
2021-02-08,133.073,133.988,131.978,133.938,72883098,AAPL
2021-02-05,134.364,134.432,132.906,133.792,77377508,AAPL
2021-02-04,133.143,134.214,131.455,134.204,86184163,AAPL
2021-02-03,132.608,132.618,130.51,130.824,92017483,AAPL
2021-02-02,132.58,133.153,131.474,131.851,85285606,AAPL
2021-02-01,130.647,132.235,127.879,131.023,108765233,AAPL
2021-01-29,132.677,133.575,127.199,128.894,181743702,AAPL
2021-01-28,136.275,138.688,133.535,133.92,146011353,AAPL
2021-01-27,140.108,140.946,137.151,138.757,144191735,AAPL
2021-01-26,140.276,140.946,138.078,139.843,100729382,AAPL
2021-01-25,139.753,141.714,133.376,139.606,161358276,AAPL
2021-01-22,133.123,136.601,131.881,135.831,117180154,AAPL
2021-01-21,130.696,136.423,130.49,133.704,123394633,AAPL
2021-01-20,125.671,129.415,125.562,128.962,106799252,AAPL
2021-01-19,124.805,125.721,124.005,124.852,92914708,AAPL
2021-01-15,125.789,127.209,124.055,124.182,114251322,AAPL
2021-01-14,127.751,127.947,125.77,125.919,92366402,AAPL
2021-01-13,125.77,128.391,125.502,127.839,90743803,AAPL
2021-01-12,125.512,126.687,123.927,125.809,94136901,AAPL
2021-01-11,126.192,127.159,125.512,125.987,103012724,AAPL
2021-01-08,129.359,129.555,127.219,128.982,107657946,AAPL
2021-01-07,125.376,128.569,124.881,127.869,112182922,AAPL
2021-01-06,124.745,127.997,123.454,123.67,158774542,AAPL
2021-01-05,125.899,128.677,125.443,127.957,99986474,AAPL
2021-01-04,130.422,130.51,123.828,126.41,146708294,AAPL
2020-12-31,130.963,131.603,128.657,129.613,101472671,AAPL
2020-12-30,132.392,132.836,130.303,130.618,98744873,AAPL
2020-12-29,134.846,135.567,131.22,131.732,123924722,AAPL
2020-12-28,130.874,134.164,130.412,133.525,127445380,AAPL
2020-12-24,128.263,130.363,128.046,128.904,56235798,AAPL
2020-12-23,129.089,129.359,127.731,127.908,90320845,AAPL
2020-12-22,128.549,131.279,126.648,128.815,173377462,AAPL
2020-12-21,122.114,125.327,120.575,125.248,124133804,AAPL
2020-12-18,125.968,126.104,123.197,123.729,197118370,AAPL
2020-12-17,125.909,126.579,125.06,125.711,96602824,AAPL
2020-12-16,124.449,125.386,123.632,124.834,100543092,AAPL
2020-12-15,121.443,124.921,121.236,124.901,161317889,AAPL
2020-12-14,119.746,120.487,118.713,118.949,80955691,AAPL
2020-12-11,119.59,119.906,117.757,119.571,89006419,AAPL
2020-12-10,117.707,121.0,117.373,120.378,83244691,AAPL
2020-12-09,121.63,123.03,118.191,118.949,117607137,AAPL
2020-12-08,121.473,122.074,120.232,121.483,83958145,AAPL
2020-12-07,119.472,121.669,119.413,120.882,88677046,AAPL
2020-12-04,119.746,120.006,118.693,119.413,80120737,AAPL
2020-12-03,120.655,120.912,119.376,120.084,80844758,AAPL
2020-12-02,119.187,120.507,118.082,120.222,91119900,AAPL
2020-12-01,118.201,120.605,117.235,119.866,131213436,AAPL
2020-11-30,114.26,118.162,114.103,116.29,173437199,AAPL
2020-11-27,113.865,114.752,113.52,113.885,47801223,AAPL
2020-11-25,112.849,114.043,112.486,113.333,78317685,AAPL
2020-11-24,111.263,113.155,109.98,112.486,116581104,AAPL
2020-11-23,114.464,114.881,111.118,111.205,131001019,AAPL
2020-11-20,115.894,116.011,114.564,114.614,75353922,AAPL
2020-11-19,114.852,116.3,114.103,115.884,75874699,AAPL
2020-11-18,115.854,117.048,115.253,115.283,78136352,AAPL
2020-11-17,116.782,117.866,116.2,116.623,76036458,AAPL
2020-11-16,116.16,118.181,115.402,117.512,93350515,AAPL
2020-11-13,116.672,116.899,115.123,116.497,83630393,AAPL
2020-11-12,116.851,117.737,115.816,116.449,105807408,AAPL
2020-11-11,114.474,116.861,113.736,116.722,114964300,AAPL
2020-11-10,112.859,114.852,111.478,113.274,141304322,AAPL
2020-11-09,117.707,119.157,113.353,113.616,158188274,AAPL
2020-11-06,115.571,116.439,113.432,115.933,117178682,AAPL
2020-11-05,115.01,116.643,113.964,116.061,129614631,AAPL
2020-11-04,111.292,112.703,109.559,112.081,141765613,AAPL
2020-11-03,106.926,108.71,106.019,107.695,110372862,AAPL
2020-11-02,106.395,107.932,104.642,106.059,126004561,AAPL
2020-10-30,108.287,109.203,105.024,106.149,195440166,AAPL
2020-10-29,109.579,114.024,109.409,112.446,149860886,AAPL
2020-10-28,112.178,112.544,108.327,108.425,147613575,AAPL
2020-10-27,112.604,114.365,111.687,113.696,94633250,AAPL
2020-10-26,111.166,113.646,110.079,112.178,114706995,AAPL
2020-10-23,113.491,113.646,111.429,112.168,84681308,AAPL
2020-10-22,114.534,115.093,111.736,112.859,104592428,AAPL
2020-10-21,113.766,115.749,113.549,113.964,92242938,AAPL
2020-10-20,113.304,116.021,112.742,114.584,127601147,AAPL
2020-10-19,116.979,117.422,112.772,113.086,123720114,AAPL
2020-10-16,118.261,118.517,115.854,116.061,118340628,AAPL
2020-10-15,115.767,118.181,115.203,117.707,115433652,AAPL
2020-10-14,117.984,119.966,116.643,118.171,154919999,AAPL
2020-10-13,122.143,122.261,116.672,118.082,269029605,AAPL
2020-10-12,117.078,122.055,116.32,121.294,246361462,AAPL
2020-10-09,112.406,114.093,112.052,114.063,103073517,AAPL
2020-10-08,113.353,113.501,111.736,112.101,85608916,AAPL
2020-10-07,111.766,112.663,111.283,112.208,99322226,AAPL
2020-10-06,112.81,113.225,109.459,110.358,165622404,AAPL
2020-10-05,111.078,113.746,110.72,113.597,108956998,AAPL
2020-10-02,110.089,112.486,109.429,110.219,148407508,AAPL
2020-10-01,114.704,114.782,112.937,113.885,119085817,AAPL
2020-09-30,110.958,114.345,110.788,112.918,146318692,AAPL
2020-09-29,111.697,112.436,110.739,111.243,102615780,AAPL
2020-09-28,112.139,112.446,109.98,112.091,141188155,AAPL
2020-09-25,105.724,109.647,104.975,109.489,153811531,AAPL
2020-09-24,102.552,107.51,102.383,105.517,172027023,AAPL
2020-09-23,108.838,109.321,104.117,104.444,154567588,AAPL
2020-09-22,109.884,110.059,106.444,109.028,187730075,AAPL
2020-09-21,101.931,107.45,100.539,107.34,200711776,AAPL
2020-09-18,107.655,108.11,103.456,104.185,294436704,AAPL
2020-09-17,106.984,109.409,106.001,107.597,182556849,AAPL
2020-09-16,112.356,113.106,109.253,109.341,158985605,AAPL
2020-09-15,115.382,115.864,110.778,112.653,189357259,AAPL
2020-09-14,111.865,113.037,110.0,112.486,143729112,AAPL
2020-09-11,111.717,112.356,107.262,109.213,185478969,AAPL
2020-09-10,117.373,117.502,109.707,110.67,186929147,AAPL
2020-09-09,114.345,116.17,112.386,114.405,181458998,AAPL
2020-09-08,111.118,116.031,109.884,110.019,237274991,AAPL
2020-09-04,117.088,120.625,108.12,117.944,341100980,AAPL
2020-09-03,123.759,125.631,117.502,117.866,264177984,AAPL
2020-09-02,134.174,134.542,123.848,128.115,205229446,AAPL
2020-09-01,129.455,131.435,127.297,130.834,156363784,AAPL
2020-08-31,124.4,127.721,122.863,125.829,231466477,AAPL
2020-08-28,122.873,123.295,121.473,121.699,192421436,AAPL
2020-08-27,123.985,124.301,120.754,121.886,159524738,AAPL
2020-08-26,123.04,123.838,121.956,123.374,167185381,AAPL
2020-08-25,121.591,122.055,119.986,121.709,216896772,AAPL
2020-08-24,125.492,125.572,120.863,122.725,354772009,AAPL
2020-08-21,116.29,121.749,116.28,121.265,346687571,AAPL
2020-08-20,112.859,115.442,112.84,115.332,130148028,AAPL
2020-08-19,113.086,114.25,112.722,112.82,149254623,AAPL
2020-08-18,111.498,113.106,111.166,112.673,108331113,AAPL
2020-08-17,113.165,113.195,111.118,111.756,122614695,AAPL
2020-08-14,111.973,112.129,110.239,112.043,169793260,AAPL
2020-08-13,111.578,113.146,111.098,112.139,215446948,AAPL
2020-08-12,107.754,110.467,107.559,110.209,170182568,AAPL
2020-08-11,109.183,109.687,106.395,106.662,192700855,AAPL
2020-08-10,109.805,110.948,107.262,109.931,217827589,AAPL
2020-08-07,110.397,110.848,107.549,108.337,203103119,AAPL
2020-08-06,107.47,111.361,106.869,110.868,207972647,AAPL
2020-08-05,106.464,107.46,105.991,107.124,125332843,AAPL
2020-08-04,106.227,107.843,105.489,106.74,177524484,AAPL
2020-08-03,105.301,108.661,105.004,106.029,316590472,AAPL
2020-07-31,100.148,103.585,98.1263,103.436,384545982,AAPL
2020-07-30,91.6763,93.7319,91.2682,93.6276,162460593,AAPL
2020-07-29,91.2526,92.6895,91.2169,92.509,92803029,AAPL
2020-07-28,91.8535,92.029,90.7615,90.7665,106463405,AAPL
2020-07-27,91.2139,92.3759,90.9874,92.2833,124533783,AAPL
2020-07-24,88.56,90.4915,86.7704,90.1456,190517323,AAPL
2020-07-23,94.4141,94.4899,89.5573,90.3693,202399626,AAPL
2020-07-22,94.1143,95.363,94.0256,94.679,91439065,AAPL
2020-07-21,96.5317,96.6056,94.1638,94.4141,106484296,AAPL
2020-07-20,93.8452,95.8754,93.5023,95.7354,92791367,AAPL
2020-07-17,94.4011,94.5589,93.2845,93.7605,94711545,AAPL
2020-07-16,93.9874,94.8091,93.3467,93.9496,113605970,AAPL
2020-07-15,96.3515,96.6036,93.9203,95.1214,157393435,AAPL
2020-07-14,92.3118,94.6611,91.3756,94.47,175672106,AAPL
2020-07-13,94.671,97.2964,92.7158,92.9316,196897672,AAPL
2020-07-10,92.7918,93.4215,92.1808,93.3623,92729121,AAPL
2020-07-09,93.6985,93.7505,92.1484,93.1329,129083475,AAPL
2020-07-08,91.6683,92.8312,91.5796,92.7998,120298576,AAPL
2020-07-07,91.3499,92.1315,90.5773,90.6897,115503330,AAPL
2020-07-06,90.0325,91.4388,90.0018,90.9707,121905174,AAPL
2020-07-02,89.5121,90.1476,88.489,88.5995,117164626,AAPL
2020-07-01,88.8456,89.3917,88.5531,88.5995,113769905,AAPL
2020-06-30,87.6202,89.0568,87.6002,88.7671,144063461,AAPL
2020-06-29,85.9574,88.1284,85.4794,88.0347,134223971,AAPL
2020-06-26,88.6733,88.8942,85.9013,86.052,210878040,AAPL
2020-06-25,87.7707,88.8163,87.0088,88.7767,141288725,AAPL
2020-06-24,88.8163,89.7397,87.2406,87.6142,197898609,AAPL
2020-06-23,88.5728,90.6149,88.153,89.1908,217965601,AAPL
2020-06-22,85.4941,87.4682,85.4479,87.3263,139154589,AAPL
2020-06-19,86.2954,86.7655,83.9875,85.099,271718781,AAPL
2020-06-18,85.5109,86.0066,84.9778,85.5888,99471923,AAPL
2020-06-17,86.4206,86.4816,85.433,85.5543,117539659,AAPL
2020-06-16,85.5229,85.9455,83.8828,85.6736,169959185,AAPL
2020-06-15,81.0908,84.1174,80.9273,83.4621,142610364,AAPL
2020-06-12,83.8828,84.6308,81.3284,82.4423,205627282,AAPL
2020-06-11,84.9994,85.4272,81.6339,81.7375,207185212,AAPL
2020-06-10,84.6554,86.327,84.2159,85.8578,171215704,AAPL
2020-06-09,80.8219,84.1006,80.7894,83.7045,151757636,AAPL
2020-06-08,80.3627,81.1765,79.6472,81.1433,98274145,AAPL
2020-06-05,78.6834,80.7263,78.654,80.6663,141008958,AAPL
2020-06-04,78.9357,79.2343,78.0575,78.4311,89958303,AAPL
2020-06-03,79.0017,79.3752,78.4262,79.1119,107352829,AAPL
2020-06-02,78.0496,78.706,77.6082,78.6814,90043017,AAPL
2020-06-01,77.3204,78.438,77.1885,78.3178,83237399,AAPL
2020-05-29,77.685,78.1472,77.008,77.3669,157804592,AAPL
2020-05-28,77.0809,78.706,76.804,77.4437,137460582,AAPL
2020-05-27,76.9273,77.556,76.186,77.4091,116038228,AAPL
2020-05-26,78.7209,78.9001,77.0149,77.0712,128959377,AAPL
2020-05-22,76.8386,77.68,76.736,77.5983,84043286,AAPL
2020-05-21,77.5431,78.0852,76.8621,77.1007,105501097,AAPL
2020-05-20,77.0593,77.7491,76.9429,77.68,114558552,AAPL
2020-05-19,76.6582,77.5097,76.1663,76.1988,104515519,AAPL
2020-05-18,76.2058,77.0149,75.5139,76.6413,139079832,AAPL
2020-05-15,73.0836,74.9256,73.0512,74.8782,170904020,AAPL
2020-05-14,74.0988,75.383,73.3744,75.3207,163281532,AAPL
2020-05-13,75.9584,76.8818,73.7795,74.8635,206116836,AAPL
2020-05-12,77.34,77.7906,75.6547,75.776,166745852,AAPL
2020-05-11,74.974,77.1489,74.7631,76.6533,149943148,AAPL
2020-05-08,74.3726,75.5199,74.0446,75.4647,137718998,AAPL
2020-05-07,73.5864,74.0595,73.2809,73.7096,118690778,AAPL
2020-05-06,72.9172,73.5912,72.5269,72.9587,146627576,AAPL
2020-05-05,71.6045,73.0453,71.4597,72.2145,152208431,AAPL
2020-05-04,70.1754,71.2714,69.4837,71.1423,137597327,AAPL
2020-05-01,69.4679,72.5585,69.3704,70.1499,247875448,AAPL
2020-04-30,70.3697,71.4746,69.9746,71.299,188586412,AAPL
2020-04-29,69.0972,70.2978,68.8935,69.8247,141422205,AAPL
2020-04-28,69.1821,69.3664,67.5147,67.6062,115383628,AAPL
2020-04-27,68.3848,69.0521,67.9365,68.7209,120619788,AAPL
2020-04-24,67.2693,68.6815,67.22,68.6717,130325155,AAPL
2020-04-23,66.9492,68.3732,66.7066,66.7451,128579636,AAPL
2020-04-22,66.4002,67.4398,66.057,67.0023,120588667,AAPL
2020-04-21,67.0466,67.281,64.4133,65.1298,186451592,AAPL
2020-04-20,67.4526,68.3563,67.1837,67.2031,133937199,AAPL
2020-04-17,69.0876,69.6343,67.1857,68.6291,221743417,AAPL
2020-04-16,69.7389,69.938,68.519,69.5754,161865197,AAPL
2020-04-15,68.5307,69.4876,68.103,69.0254,135111139,AAPL
2020-04-14,67.9494,69.9508,67.4773,69.6621,200877145,AAPL
2020-04-13,65.1159,66.4226,64.5098,66.3125,134975526,AAPL
2020-04-09,65.2067,65.5406,64.2389,65.0373,167007105,AAPL
2020-04-08,63.761,64.8853,63.3924,64.5679,173990395,AAPL
2020-04-07,65.717,65.9369,62.8553,62.9579,209007883,AAPL
2020-04-06,60.8862,63.8504,60.5206,63.6968,207908652,AAPL
2020-04-03,58.9212,59.6277,57.9937,58.5871,133798197,AAPL
2020-04-02,58.3249,59.4928,57.4892,59.4393,170939746,AAPL
2020-04-01,59.8207,60.3579,58.0292,58.4657,181534584,AAPL
2020-03-31,62.0274,63.7017,61.1573,61.709,202945019,AAPL
2020-03-30,60.8489,62.0087,60.5256,61.8371,173043832,AAPL
2020-03-27,61.3396,62.0934,59.9529,60.1225,210377271,AAPL
2020-03-26,59.8247,62.7765,59.7855,62.7172,260179749,AAPL
2020-03-25,60.8517,62.671,59.2848,59.5843,312760888,AAPL
2020-03-24,57.3601,60.1095,56.8595,59.9116,296205126,AAPL
2020-03-23,55.3475,55.4511,51.5968,54.4507,346911749,AAPL
2020-03-20,59.9854,61.1147,55.3291,55.6315,413811381,AAPL
2020-03-19,60.0357,61.3621,58.8769,59.4021,280058204,AAPL
2020-03-18,58.186,60.6704,57.5423,59.8614,309290856,AAPL
2020-03-17,60.0654,62.5172,57.8559,61.3661,333831745,AAPL
2020-03-16,58.7171,62.8731,58.2431,58.7802,332150099,AAPL
2020-03-13,64.2812,67.9296,61.3879,67.4575,381916110,AAPL
2020-03-12,62.1113,65.524,60.1834,60.2408,431098291,AAPL
2020-03-11,67.3157,68.2478,65.9754,66.8425,264114161,AAPL
2020-03-10,67.2536,69.5153,65.3713,69.2462,293896506,AAPL
2020-03-09,64.0073,67.4871,63.825,64.5918,295395143,AAPL
2020-03-06,68.4333,70.5758,68.2498,70.1399,233000127,AAPL
2020-03-05,71.7167,72.6946,70.7185,71.0831,193231441,AAPL
2020-03-04,71.9406,73.6306,71.1345,73.4691,225790285,AAPL
2020-03-03,73.6927,73.7726,69.3585,70.212,329113113,AAPL
2020-03-02,68.5012,73.1525,67.3975,72.5121,351696385,AAPL
2020-02-28,62.4345,67.5659,62.2156,66.3379,439762875,AAPL
2020-02-27,68.2194,69.4079,66.2405,66.3774,330277324,AAPL
2020-02-26,69.5358,72.2923,69.529,71.02,204708376,AAPL
2020-02-25,73.0346,73.4179,69.4385,69.9095,237632243,AAPL
2020-02-24,72.1405,73.816,70.1894,72.3623,228898340,AAPL
2020-02-21,77.3234,77.7638,75.3505,75.9703,133618527,AAPL
2020-02-20,78.2951,78.7869,77.2229,77.7323,103599760,AAPL
2020-02-19,77.6575,78.767,77.6575,78.5356,96819206,AAPL
2020-02-18,76.5302,77.5983,76.3497,77.4159,157370598,AAPL
2020-02-14,78.8086,79.1081,78.3494,78.8588,82530604,AAPL
2020-02-13,78.6734,79.1663,78.4696,78.839,97605846,AAPL
2020-02-12,78.0133,79.4106,78.0133,79.4046,117161228,AAPL
2020-02-11,78.5316,78.6045,77.345,77.5658,97168592,AAPL
2020-02-10,76.2451,78.0331,76.1644,78.0331,112647614,AAPL
2020-02-07,78.2319,78.4824,77.1707,77.6654,121234255,AAPL
2020-02-06,78.097,78.7386,77.5412,78.7356,108863699,AAPL
2020-02-05,78.3247,78.6272,77.218,77.822,122702081,AAPL
2020-02-04,76.3379,77.3864,75.9329,77.1962,141071900,AAPL
2020-02-03,73.6741,75.8994,73.1685,74.7295,179659657,AAPL
2020-01-31,77.6999,78.1246,74.6388,74.9374,206097400,AAPL
2020-01-30,77.6082,78.4626,77.1707,78.4093,130876609,AAPL
2020-01-29,78.5513,79.3732,77.8042,78.5236,223663506,AAPL
2020-01-28,75.6816,77.0857,75.5829,76.9144,167524748,AAPL
2020-01-27,75.0645,75.4805,73.812,74.7995,167221239,AAPL
2020-01-24,77.5363,78.2783,76.8718,77.0633,151316428,AAPL
2020-01-23,76.9686,77.3669,76.4187,77.2859,107879031,AAPL
2020-01-22,77.1292,77.4722,76.8238,76.9164,105153437,AAPL
2020-01-21,76.7951,77.2356,76.5034,76.6433,114458103,AAPL
2020-01-17,76.5694,77.1687,76.263,77.1667,142310968,AAPL
2020-01-16,75.923,76.4304,75.5594,76.3201,112378168,AAPL
2020-01-15,75.5002,76.3842,74.9474,75.3751,125899724,AAPL
2020-01-14,76.675,76.8848,75.579,75.7013,167917020,AAPL
2020-01-13,75.4489,76.7656,75.3277,76.739,126068412,AAPL
2020-01-10,75.1947,75.6984,74.629,75.1306,145463140,AAPL
2020-01-09,74.3826,75.1522,74.1344,74.966,176046099,AAPL
2020-01-08,71.9444,73.7056,71.9425,73.4042,136680453,AAPL
2020-01-07,72.5909,72.8502,72.0233,72.2432,115147229,AAPL
2020-01-06,71.1246,72.6207,70.8782,72.5811,122445682,AAPL
2020-01-03,71.9425,72.7725,71.7839,72.0115,151314357,AAPL
2020-01-02,71.7196,72.7764,71.4646,72.7161,140071218,AAPL
