Date,Treasury_10Y,VIX,DXY
2020-01-02,0.30493273542600885,0.00861216998446987,0.2262709239806453
2020-01-03,0.2869955156950672,0.03049555273189325,0.2268598670816342
2020-01-06,0.2892376681614349,0.02809543978540166,0.2252859674151999
2020-01-07,0.29372197309417036,0.027248341098404627,0.2350086056772076
2020-01-08,0.30269058295964124,0.02244811520542142,0.23425211841817983
2020-01-09,0.2982062780269058,0.009600451785966385,0.23936475378624422
2020-01-10,0.29372197309417036,0.009882818014965405,0.2309672375014591
2020-01-13,0.2982062780269058,0.006494423266977273,0.2292714875382682
2020-01-14,0.29147982062780264,0.007482705068473816,0.22874346958565805
2020-01-15,0.2847533632286995,0.007906254411972319,0.22515396292704715
2020-01-16,0.2892376681614349,0.006494423266977273,0.2275554291922841
2020-01-17,0.2959641255605381,0.0033883947479881327,0.23082000172621253
2020-01-21,0.28251121076233177,0.013977128335451061,0.23702928976508186
2020-01-22,0.28026905829596405,0.014824227022448122,0.23905505094865465
2020-01-23,0.2735426008968609,0.015812508823944665,0.2556723851687881
2020-01-24,0.2645739910313901,0.038119440914866576,0.25571300193437363
2020-01-27,0.24439461883408067,0.08993364393618522,0.26814680929920875
2020-01-28,0.2533632286995515,0.0624029366087816,0.26424759980300827
2020-01-29,0.24215246636771295,0.06395595086827616,0.26302909683544584
2020-01-30,0.23542600896860985,0.05124947056332063,0.26850728309377825
2020-01-31,0.22197309417040353,0.09854581392065512,0.26483654290399716
2020-02-03,0.2286995515695067,0.08626288295919807,0.28430212781080666
2020-02-04,0.24439461883408067,0.05915572497529298,0.2747267253240455
2020-02-05,0.25560538116591924,0.046449244670337425,0.2787477851170017
2020-02-06,0.2533632286995515,0.043766765494846815,0.2859877235826014
2020-02-07,0.23991031390134523,0.05096710433432164,0.30409772393799805
2020-02-10,0.23318385650224213,0.04489623041084284,0.3072759858450569
2020-02-11,0.23991031390134523,0.046872794013835956,0.29646684910363863
2020-02-12,0.2466367713004484,0.026542425525907104,0.29243055802358775
2020-02-13,0.24439461883408067,0.032330933220386854,0.2985383041484946
2020-02-14,0.23991031390134523,0.02569532683891007,0.2996552652020936
2020-02-18,0.2309417040358744,0.04193138500635324,0.3088752709899829
2020-02-19,0.23318385650224213,0.035578144853875476,0.3179429639069262
2020-02-20,0.22421524663677125,0.052237752364817175,0.3414600711808813
2020-02-21,0.210762331838565,0.07369758576874202,0.33141757588988696
2020-02-24,0.19282511210762324,0.18593816179584924,0.34946157400120814
2020-02-25,0.18161434977578475,0.22575180008470988,0.3413737605540117
2020-02-26,0.18161434977578475,0.2216574897642242,0.34965450363773876
2020-02-27,0.1748878923766816,0.38542990258365095,0.34781659499499895
2020-02-28,0.13677130044843042,0.3988422984611041,0.3624741702756351
2020-03-02,0.13004484304932734,0.3043907948609347,0.31969963901849585
2020-03-03,0.11210762331838564,0.3523930537907667,0.3035037037413115
2020-03-04,0.11210762331838564,0.2842016094875053,0.31792773261983154
2020-03-05,0.0896860986547085,0.3919243258506283,0.31850652152942427
2020-03-06,0.04932735426008966,0.42467880841451366,0.3145413097891483
2020-03-09,0.004484304932735439,0.601440067767895,0.33888598366190603
2020-03-10,0.0538116591928251,0.5003529577862488,0.3752126033823604
2020-03-11,0.06726457399103136,0.5935338133559227,0.3928910506034127
2020-03-12,0.08071748878923765,0.8980657913313568,0.5065215294243082
2020-03-13,0.09417040358744391,0.6490187773542285,0.5039525190010306
2020-03-16,0.04708520179372197,1.0,0.5292263013865544
2020-03-17,0.11210762331838564,0.904277848369335,0.6077080466889715
2020-03-18,0.147982062780269,0.9119017365523086,0.6930946421409097
2020-03-19,0.13452914798206275,0.8490752506000283,0.7386311134578571
2020-03-20,0.0896860986547085,0.7649301143583229,0.732350746079212
2020-03-23,0.0538116591928251,0.7021036284060428,0.7928544955143861
2020-03-24,0.0717488789237668,0.7032330933220388,0.7611226474007804
2020-03-25,0.08071748878923765,0.7354228434279262,0.7250904992308191
2020-03-26,0.06950672645739908,0.6937738246505719,0.6052151927011664
2020-03-27,0.04484304932735425,0.7578709586333476,0.6037580662357902
2020-03-30,0.04035874439461881,0.6384300437667655,0.6489442179495635
2020-03-31,0.04035874439461881,0.5884512212339404,0.6103430593563255
2020-04-01,0.02242152466367711,0.6381476775377666,0.6745124718855822
2020-04-02,0.02466367713004483,0.5513200621205704,0.664160273757
2020-04-03,0.02242152466367711,0.4932938020612735,0.7060107735970709
2020-04-06,0.03363228699551571,0.4712692361993507,0.6930895650452111
2020-04-07,0.05156950672645738,0.4918819709162785,0.6389981874768358
2020-04-08,0.05605381165919282,0.44458562755894404,0.6454004051522366
2020-04-09,0.04708520179372197,0.420866864323027,0.6074998857653462
2020-04-13,0.0538116591928251,0.4138077085980517,0.6097744246381298
2020-04-14,0.0538116591928251,0.3656642665537202,0.5890700283809647
2020-04-15,0.02466367713004483,0.4091486658195681,0.6379929225285963
2020-04-16,0.02017937219730942,0.3988422984611041,0.6575803577321624
2020-04-17,0.02914798206278027,0.371170408019201,0.6275899534430316
2020-04-20,0.02466367713004483,0.4513624170549203,0.639419586419784
2020-04-21,0.013452914798206261,0.47366934914584213,0.6804729822352416
2020-04-22,0.02466367713004483,0.4252435408725117,0.681219315302874
2020-04-23,0.02017937219730942,0.41677255400254143,0.6725425587546896
2020-04-24,0.0179372197309417,0.3398277566003106,0.69323172372476
2020-04-27,0.03363228699551571,0.30255541437244104,0.6791884770236027
2020-04-28,0.02242152466367711,0.3065085415784272,0.6529906632210105
2020-04-29,0.02466367713004483,0.27347169278554284,0.622949487974898
2020-04-30,0.02690582959641255,0.3146971622193986,0.6000924031417068
2020-05-01,0.02690582959641255,0.35761682902724834,0.6419276716946838
2020-05-04,0.02690582959641255,0.34039248905830866,0.645019622974873
2020-05-05,0.03139013452914799,0.30707327403642526,0.6241679909424613
2020-05-06,0.04484304932735425,0.31427361287590005,0.6651452303224454
2020-05-07,0.02466367713004483,0.27643653819003255,0.640526393281986
2020-05-08,0.03811659192825109,0.22758718057320346,0.6107035331508959
2020-05-11,0.04708520179372197,0.2217986728787237,0.6460299650188102
2020-05-12,0.03811659192825109,0.2990258365099534,0.6372516665566623
2020-05-13,0.02690582959641255,0.3306508541578428,0.6617131136304781
2020-05-14,0.02466367713004483,0.2929549625864747,0.6668511344770334
2020-05-15,0.02690582959641255,0.2827897783425103,0.664596903987043
2020-05-18,0.04708520179372197,0.24622335168713824,0.6238532110091732
2020-05-19,0.04035874439461881,0.26358887477057746,0.6121200428506874
2020-05-20,0.0358744394618834,0.22772836368770297,0.5885064707584675
2020-05-21,0.0358744394618834,0.24947056332062686,0.587983529901555
2020-05-22,0.03139013452914799,0.23012847663419458,0.5995999248589827
2020-05-26,0.03811659192825109,0.228010729916702,0.5521544655595205
2020-05-27,0.0358744394618834,0.22250458845122126,0.5613338545818243
2020-05-28,0.04035874439461881,0.2361993505576733,0.5332372069881144
2020-05-29,0.02914798206278027,0.2209515741917267,0.5298000132004486
2020-06-01,0.03139013452914799,0.2311167584356911,0.4953925356539042
2020-06-02,0.0358744394618834,0.2114923055202598,0.46577783644643844
2020-06-03,0.05605381165919282,0.1948326980093181,0.44397171042276984
2020-06-04,0.06726457399103136,0.19695044472681064,0.4463528683052145
2020-06-05,0.08744394618834081,0.17873782295637444,0.4215157161497336
2020-06-08,0.08071748878923765,0.19695044472681064,0.41382391616699543
2020-06-09,0.0717488789237668,0.2217986728787237,0.41016840726430814
2020-06-10,0.05156950672645738,0.2217986728787237,0.406817524103511
2020-06-11,0.03139013452914799,0.40844275024707044,0.4430070622401159
2020-06-12,0.04260089686098653,0.3420866864323028,0.46475734021110515
2020-06-15,0.04260089686098653,0.31822674008188623,0.4794961490229124
2020-06-16,0.05156950672645738,0.3079203727234223,0.4598071719053829
2020-06-17,0.04932735426008966,0.3050967104334321,0.477252072724319
2020-06-18,0.04260089686098653,0.2976140053649583,0.4928489107091174
2020-06-19,0.04035874439461881,0.3283919243258506,0.49288952747470294
2020-06-22,0.04260089686098653,0.28109558096851617,0.46929626376527533
2020-06-23,0.04484304932735425,0.275448256388536,0.4477643009093075
2020-06-24,0.03811659192825109,0.310320485669914,0.4805724933109259
2020-06-25,0.0358744394618834,0.2874488211209939,0.4970984398084912
2020-06-26,0.02690582959641255,0.32288578286036984,0.508958535359433
2020-06-29,0.02690582959641255,0.2812367640830157,0.5157212268294042
2020-06-30,0.03139013452914799,0.26217704362558236,0.5055111873803702
2020-07-01,0.03811659192825109,0.23662289990117183,0.48599483151657896
2020-07-02,0.0358744394618834,0.22335168713821826,0.47455105781288864
2020-07-06,0.03811659192825109,0.22702244811520547,0.4455760726633935
2020-07-07,0.02914798206278027,0.24805873217563182,0.46016256860425564
2020-07-08,0.03363228699551571,0.2289990117181985,0.4592029975173002
2020-07-09,0.02242152466367711,0.24565861922914026,0.4571518508552357
2020-07-10,0.02914798206278027,0.21784554567273753,0.44892695582418973
2020-07-13,0.02690582959641255,0.28702527177749537,0.44071729208023847
2020-07-14,0.02466367713004483,0.24932938020612735,0.450947639912064
2020-07-15,0.02690582959641255,0.22448115205421434,0.43279194569538415
2020-07-16,0.02242152466367711,0.22786954680220248,0.42743560973380745
2020-07-17,0.02690582959641255,0.19511506423831712,0.4374476424506124
2020-07-20,0.02242152466367711,0.17789072426937738,0.4336296664855839
2020-07-21,0.02017937219730942,0.1832556826203586,0.4009179389022304
2020-07-22,0.0179372197309417,0.1759141606663843,0.38721485761285024
2020-07-23,0.01569506726457398,0.2007623888182973,0.3835491945187668
2020-07-24,0.01569506726457398,0.19737399407030923,0.3872097805171526
2020-07-27,0.02242152466367711,0.18184385147536355,0.3493194153216592
2020-07-28,0.01569506726457398,0.191726669490329,0.3458619131512011
2020-07-29,0.013452914798206261,0.17280813214739518,0.34048526880683117
2020-07-30,0.0067264573991031446,0.18212621770436258,0.35008605677208404
2020-07-31,0.0067264573991031446,0.17789072426937738,0.3403126475530929
2020-08-03,0.00896860986547085,0.1753494282083863,0.37072952788087044
2020-08-04,0.0,0.168007906254412,0.3695262562004027
2020-08-05,0.0067264573991031446,0.15713680643795,0.32333991663408845
2020-08-06,0.0067264573991031446,0.15233658054496682,0.3318948228855163
2020-08-07,0.011210762331838542,0.1461245235069886,0.3614181343704139
2020-08-10,0.01569506726457398,0.14499505859099251,0.35929083127287864
2020-08-11,0.02690582959641255,0.17181985034589867,0.3489132476658048
2020-08-12,0.03811659192825109,0.1471128053084851,0.34270395962693456
2020-08-13,0.04260089686098653,0.14499505859099251,0.33576864690322505
2020-08-14,0.04260089686098653,0.1438655936749965,0.3266247975508083
2020-08-17,0.03811659192825109,0.1339827756600311,0.31696308443717847
2020-08-18,0.03363228699551571,0.13624170549202316,0.3073826048547179
2020-08-19,0.0358744394618834,0.15078356628547226,0.30772277026649686
2020-08-20,0.02914798206278027,0.15332486234646334,0.32018196310982194
2020-08-21,0.02690582959641255,0.15078356628547226,0.3325649995176754
2020-08-24,0.02914798206278027,0.1483834533389807,0.3252336733295085
2020-08-25,0.03811659192825109,0.14358322744599747,0.3205932078613749
2020-08-26,0.03811659192825109,0.16108993364393617,0.3106116377187593
2020-08-27,0.04932735426008966,0.1780319073838769,0.31191137421749193
2020-08-28,0.04932735426008966,0.15671325709445152,0.27582337799485135
2020-08-31,0.04484304932735425,0.20542143159678103,0.26674045379081335
2020-09-01,0.0358744394618834,0.2013271212762954,0.2570787406771826
2020-09-02,0.03139013452914799,0.20768036142877314,0.2804790747500796
2020-09-03,0.02466367713004483,0.30693209092192575,0.2823880627325934
2020-09-04,0.04484304932735425,0.2666949032895666,0.2806516960038179
2020-09-08,0.03811659192825109,0.27671890441903146,0.3023207404436361
2020-09-09,0.04260089686098653,0.2393053790766624,0.2854190888644057
2020-09-10,0.0358744394618834,0.25201185938161796,0.2727771205759453
2020-09-11,0.03363228699551571,0.21191585486375833,0.2832207064270955
2020-09-14,0.0358744394618834,0.19751517718480874,0.2606784015271897
2020-09-15,0.0358744394618834,0.19384441620782153,0.25800277209425104
2020-09-16,0.03811659192825109,0.20019765636029932,0.24595482400247715
2020-09-17,0.03811659192825109,0.20612734716927858,0.25028558663302203
2020-09-18,0.04035874439461881,0.19723281095580966,0.24015170361946137
2020-09-21,0.0358744394618834,0.22476351828321336,0.29799505490878975
2020-09-22,0.0358744394618834,0.21177467174925882,0.30640272538497015
2020-09-23,0.0358744394618834,0.2360581674431738,0.34246025903342225
2020-09-24,0.03363228699551571,0.23506988564167727,0.35742246005594946
2020-09-25,0.03139013452914799,0.2049978822532825,0.373709783055701
2020-09-28,0.03363228699551571,0.20231540307779192,0.3610373521930512
2020-09-29,0.03139013452914799,0.20344486799378794,0.35641211801201145
2020-09-30,0.03811659192825109,0.20485669913878304,0.3269192691013023
2020-10-01,0.0358744394618834,0.2095157419172667,0.31559226859867096
2020-10-02,0.04035874439461881,0.2226457715657207,0.31602382173301535
2020-10-05,0.05829596412556054,0.22730481434420444,0.2878256322253412
2020-10-06,0.0538116591928251,0.24876464774812937,0.2924508664063801
2020-10-07,0.06502242152466367,0.22871664548919948,0.29634499880688203
2020-10-08,0.05829596412556054,0.20471551602428348,0.28723161202865466
2020-10-09,0.06053811659192826,0.1855146124523507,0.2419946893578997
2020-10-12,0.06053811659192826,0.18650289425384728,0.2419946893578997
2020-10-13,0.04932735426008966,0.20062120570379785,0.2742342470413224
2020-10-14,0.04708520179372197,0.20528024848228152,0.26289201525159456
2020-10-15,0.04932735426008966,0.21332768600875338,0.28364210537004375
2020-10-16,0.0538116591928251,0.2195397430467316,0.2669283063316463
2020-10-19,0.05829596412556054,0.24452915431314418,0.24842229251179138
2020-10-20,0.06502242152466367,0.2469292672596358,0.24054771708391876
2020-10-21,0.06950672645739908,0.2370464492446703,0.22342267329396837
2020-10-22,0.07847533632286993,0.22942256106169703,0.23382564237953307
2020-10-23,0.07399103139013452,0.22151630664972474,0.22856577123622213
2020-10-26,0.06502242152466367,0.29083721586898215,0.24214192513314625
2020-10-27,0.06053811659192826,0.3034025130594381,0.22860638800180677
2020-10-28,0.06053811659192826,0.40124241140759576,0.26867990434751654
2020-10-29,0.07399103139013452,0.36326415360722863,0.2942633895706299
2020-10-30,0.08071748878923765,0.36933502753070746,0.2855257078740676
2020-11-02,0.07847533632286993,0.3567697303402514,0.29064342033782964
2020-11-03,0.08520179372197309,0.33446279824932934,0.2522554997639146
2020-11-04,0.05829596412556054,0.25003529577862493,0.2363591131329228
2020-11-05,0.06053811659192826,0.22193985599322322,0.20022034595330052
2020-11-06,0.06950672645739908,0.18353804884935762,0.17667277610515608
2020-11-09,0.09865470852017935,0.19610334603981364,0.18157217345389753
2020-11-10,0.10313901345291476,0.18269095016236062,0.18086138005615293
2020-11-11,0.10313901345291476,0.1636312297049273,0.18086138005615293
2020-11-12,0.08071748878923765,0.19045602145983345,0.19145727877824736
2020-11-13,0.08295964125560537,0.1586898206974446,0.18920304828825696
2020-11-16,0.08744394618834081,0.14951291825497673,0.1684428039784116
2020-11-17,0.07847533632286993,0.15318367923196388,0.1608677771967324
2020-11-18,0.08071748878923765,0.16913737117040803,0.149601701842478
2020-11-19,0.07623318385650221,0.15883100381194407,0.16146687448911656
2020-11-20,0.06950672645739908,0.16716080756741494,0.15105882830785422
2020-11-23,0.07623318385650221,0.15247776365946633,0.16455374867360817
2020-11-24,0.08071748878923765,0.13807708598051674,0.1481598066641956
2020-11-25,0.08071748878923765,0.132570944515036,0.13551783837573517
2020-11-27,0.0717488789237668,0.12678243682055626,0.13551783837573517
2020-11-30,0.0717488789237668,0.1229704927290696,0.13773652919583856
2020-12-01,0.0896860986547085,0.12579415501905974,0.11648380660327096
2020-12-02,0.09641255605381163,0.13144147959903998,0.10659362418322171
2020-12-03,0.0896860986547085,0.13299449385853454,0.07673522438224456
2020-12-04,0.10089686098654707,0.1260765212480587,0.06421002929484221
2020-12-07,0.09417040358744391,0.13327686008753356,0.06728167219223913
2020-12-08,0.0896860986547085,0.12452350698856415,0.06856617740387705
2020-12-09,0.09641255605381163,0.1469716221939856,0.07703985012413472
2020-12-10,0.0896860986547085,0.15050120005647324,0.07443022293527246
2020-12-11,0.08520179372197309,0.1616546661019342,0.08270588892330011
2020-12-14,0.08520179372197309,0.18156148524636453,0.08423409472845123
2020-12-15,0.0896860986547085,0.15572497529295495,0.06844432710712134
2020-12-16,0.0896860986547085,0.15021883382747422,0.061107923823255916
2020-12-17,0.09417040358744391,0.14217139630100242,0.03608291912694206
2020-12-18,0.09641255605381163,0.13708880417902022,0.05562973756492351
2020-12-21,0.09641255605381163,0.18777354228434281,0.07259231429253177
2020-12-22,0.09192825112107622,0.17464351263588876,0.08545259769601365
2020-12-23,0.09865470852017935,0.1616546661019342,0.07460284418900986
2020-12-24,0.09417040358744391,0.13652407172102218,0.07460284418900986
2020-12-28,0.09417040358744391,0.13892418466751374,0.07433883521270523
2020-12-29,0.09417040358744391,0.15840745446844554,0.051080659819357166
2020-12-30,0.09192825112107622,0.1540307779189609,0.04049999238435653
2020-12-31,0.09192825112107622,0.15374841168996187,0.04092646842300329
2021-01-04,0.09192825112107622,0.21332768600875338,0.03535689444210277
2021-01-05,0.09865470852017935,0.1903148383453339,0.022694617770850023
2021-01-06,0.11659192825112105,0.18650289425384728,0.017231662799611414
2021-01-07,0.12556053811659193,0.1483834533389807,0.0403375253220144
2021-01-08,0.13677130044843042,0.13694762106452066,0.039352568756569006
2021-01-11,0.14125560538116586,0.17252576591839616,0.06682981067510063
2021-01-12,0.14125560538116586,0.16193703233093318,0.052827180739529744
2021-01-13,0.13004484304932734,0.1461245235069886,0.043272086635560925
2021-01-14,0.14125560538116586,0.1608075674149372,0.0327980382102222
2021-01-15,0.13228699551569506,0.17619652689538332,0.05071510892908826
2021-01-19,0.13004484304932734,0.16066638430043764,0.04778562471124026
2021-01-20,0.13004484304932734,0.13722998729351968,0.04778562471124026
2021-01-21,0.13452914798206275,0.13355922631653258,0.03485426196798436
2021-01-22,0.13004484304932734,0.1418890300720034,0.05291856846209608
2021-01-25,0.11883408071748877,0.15996046872794015,0.06898757634682617
2021-01-26,0.11883408071748877,0.15756035578144853,0.05829521280646599
2021-01-27,0.11659192825112105,0.35789919525624747,0.07969517117428104
2021-01-28,0.12331838565022421,0.25907101510659325,0.07600919969740527
2021-01-29,0.13228699551569506,0.29973175208245095,0.07323710544620088
2021-02-01,0.12780269058295962,0.2594945644500918,0.0969877591222712
2021-02-02,0.13452914798206275,0.193420866864323,0.0901590654082236
2021-02-03,0.14125560538116586,0.15600734152195397,0.08869178475145034
2021-02-04,0.14125560538116586,0.13991246646901032,0.11363047882089461
2021-02-05,0.15022421524663673,0.1272059861640548,0.08775252204728812
2021-02-08,0.15022421524663673,0.1324297614005365,0.07784710834014419
2021-02-09,0.147982062780269,0.13793590286601723,0.06391555774434732
2021-02-10,0.14125560538116586,0.14301849498799943,0.05457877875540085
2021-02-11,0.14349775784753357,0.132570944515036,0.0517102196859307
2021-02-12,0.15246636771300445,0.11449950585909927,0.049765692033528985
2021-02-16,0.1748878923766816,0.13553578991952567,0.06501221041515404
2021-02-17,0.17264573991031387,0.13610052237752365,0.07677076405213157
2021-02-18,0.17264573991031387,0.15007765071297471,0.0839700857521466
2021-02-19,0.18385650224215247,0.1438655936749965,0.06092514837812146
2021-02-22,0.19058295964125557,0.1636312297049273,0.07177490188512525
2021-02-23,0.19058295964125557,0.15883100381194407,0.07072902017130112
2021-02-24,0.19282511210762324,0.13384159254553155,0.06173748368983034
2021-02-25,0.2286995515695067,0.2404348439926585,0.07221153211516906
2021-02-26,0.20627802690582955,0.22716363122970493,0.11806278336540377
2021-03-01,0.20852017937219727,0.16221939855993225,0.10256241019886936
2021-03-02,0.20179372197309411,0.17280813214739518,0.10302950300310165
2021-03-03,0.2130044843049327,0.20909219257376824,0.11465097505622879
2021-03-04,0.2286995515695067,0.23591698432867433,0.11165041149860588
2021-03-05,0.23318385650224213,0.18071438655936753,0.1647365241187435
2021-03-08,0.23991031390134523,0.19215021883382746,0.19112726755786547
2021-03-09,0.2309417040358744,0.17181985034589867,0.1739006818539517
2021-03-10,0.22645739910313897,0.15106593251447129,0.15655732294897984
2021-03-11,0.2286995515695067,0.1418890300720034,0.12269309464214029
2021-03-12,0.2511210762331838,0.12466469010306372,0.12806466189081167
2021-03-15,0.2466367713004484,0.11534660454609633,0.13650279494118145
2021-03-16,0.2466367713004484,0.11195820979810814,0.12586627945350148
2021-03-17,0.24887892376681606,0.10405195538613585,0.13478165949949972
2021-03-18,0.26681614349775773,0.13722998729351968,0.11521453267872594
2021-03-19,0.2735426008968609,0.12833545108005082,0.12539410955357067
2021-03-22,0.2623318385650224,0.0991105463786531,0.12680046506196607
2021-03-23,0.24887892376681606,0.11915854863758293,0.14144280905550755
2021-03-24,0.2466367713004484,0.13186502894253846,0.1599843625452495
2021-03-25,0.24887892376681606,0.11224057602710716,0.17750034270395876
2021-03-26,0.25784753363228696,0.09882818014965408,0.16425927712311417
2021-03-29,0.27130044843049317,0.12537060567556121,0.17398191538512275
2021-03-30,0.27130044843049317,0.10941691373711701,0.18771545924869049
2021-03-31,0.2735426008968609,0.10645206833262741,0.16841741849992076
2021-04-01,0.2623318385650224,0.0772271636312297,0.16411711844356525
2021-04-05,0.27130044843049317,0.08541578427220106,0.14663160085904448
2021-04-06,0.25784753363228696,0.08838062967669066,0.1340150180490749
2021-04-07,0.2600896860986547,0.0748270506847381,0.13891441539781546
2021-04-08,0.2511210762331838,0.07186220528024848,0.1311718444580956
2021-04-09,0.25784753363228696,0.06819144430326135,0.1368429603529595
2021-04-12,0.2623318385650224,0.07129747282225046,0.1357463076821528
2021-04-13,0.2511210762331838,0.06762671184526328,0.12850129212085548
2021-04-14,0.2511210762331838,0.07242693773824649,0.11561562323888275
2021-04-15,0.23318385650224213,0.06649724692926726,0.10710133375303954
2021-04-16,0.23991031390134523,0.06197938726528307,0.10019140650782088
2021-04-19,0.24439461883408067,0.07666243117323168,0.08504135294446069
2021-04-20,0.23766816143497757,0.09628688408866301,0.08765605722902237
2021-04-21,0.23542600896860985,0.07962727657772131,0.08470118753268352
2021-04-22,0.23542600896860985,0.09671043343216154,0.08735650858282984
2021-04-23,0.23766816143497757,0.0772271636312297,0.08022826622258972
2021-04-26,0.23766816143497757,0.0816038401807144,0.06614440275584776
2021-04-27,0.24887892376681606,0.08047437526471832,0.07120119007123105
2021-04-28,0.24887892376681606,0.0765212480587322,0.06516960038179764
2021-04-29,0.2533632286995515,0.08118029083721587,0.06297629504018509
2021-04-30,0.2533632286995515,0.09529860228716644,0.08011657011723017
2021-05-03,0.24887892376681606,0.09106310885218125,0.07614120418555714
2021-05-04,0.24439461883408067,0.10758153324862349,0.09058554144687037
2021-05-05,0.23991031390134523,0.10292249047013977,0.08356899519198979
2021-05-06,0.23766816143497757,0.09219257376817733,0.06775891918786758
2021-05-07,0.24215246636771295,0.06819144430326135,0.026365357960631997
2021-05-10,0.24887892376681606,0.11012282930961456,0.014474799835501706
2021-05-11,0.2511210762331838,0.14090074827050683,0.019602666490659892
2021-05-12,0.2623318385650224,0.22208103910772273,0.05373090377380496
2021-05-13,0.25560538116591924,0.1591133700409431,0.055340343110127144
2021-05-14,0.24887892376681606,0.09812226457715653,0.03197047161141864
2021-05-17,0.2511210762331838,0.11096992799661157,0.029112066733345543
2021-05-18,0.2511210762331838,0.13384159254553155,0.01658687164594319
2021-05-19,0.2600896860986547,0.14570097416349007,0.019059417250955057
2021-05-20,0.24887892376681606,0.1243823238740647,0.018084614876905825
2021-05-21,0.24887892376681606,0.11704080192009034,0.028101724689408414
2021-05-24,0.24439461883408067,0.09233375688267684,0.02068916497007045
2021-05-25,0.23318385650224213,0.09854581392065512,0.017150429268441236
2021-05-26,0.23766816143497757,0.07765071297472823,0.018455242862872367
2021-05-27,0.24439461883408067,0.06889735987575885,0.018531399298345796
2021-05-28,0.23766816143497757,0.0691797261047579,0.012855206307783362
2021-06-01,0.2466367713004484,0.0852746011577015,0.0
2021-06-02,0.23991031390134523,0.07934491034872229,0.0037824362951415225
2021-06-03,0.24887892376681606,0.08725116476069464,0.03414854566593739
2021-06-04,0.23318385650224213,0.06437950021177469,0.012520117991703827
2021-06-07,0.23542600896860985,0.06437950021177469,0.00048740118702461643
2021-06-08,0.22645739910313897,0.07355640265424257,0.007255169752694357
2021-06-09,0.21973094170403581,0.08513341804320204,0.003254418342530485
2021-06-10,0.20852017937219727,0.0598616405477905,0.00198514441798725
2021-06-11,0.2130044843049327,0.05350840039531274,0.02981778303539162
2021-06-14,0.22197309417040353,0.06395595086827616,0.02335464021161293
2021-06-15,0.22197309417040353,0.07285048708174502,0.04292684412808434
2021-06-16,0.23542600896860985,0.0888041790201892,0.031010900524463203
2021-06-17,0.22421524663677125,0.08315685444020895,0.10510603514365613
2021-06-18,0.20852017937219727,0.12480587321756317,0.1286434508004035
2021-06-21,0.21973094170403581,0.08513341804320204,0.11843341135137031
2021-06-22,0.21524663677130038,0.06776789495976282,0.12241385437874097
2021-06-23,0.21973094170403581,0.06296766906677961,0.09520569853221161
2021-06-24,0.2174887892376681,0.058026260059296925,0.0922914456014583
2021-06-25,0.2286995515695067,0.05308485105181418,0.07393774465254843
2021-06-28,0.2174887892376681,0.055061414654807295,0.07692307692307665
2021-06-29,0.2174887892376681,0.05873217563179442,0.08891517696217033
2021-06-30,0.20852017937219727,0.05604969645630384,0.10374537349654478
2021-07-01,0.21524663677130038,0.05110828744882112,0.11324461954783338
2021-07-02,0.20627802690582955,0.0453197797543414,0.10320720135253847
2021-07-06,0.19058295964125557,0.06466186644077371,0.12399790823657231
2021-07-07,0.18161434977578475,0.06127347169278555,0.13178617303757534
2021-07-08,0.1748878923766816,0.10080474375264717,0.13040012591197314
2021-07-09,0.19058295964125557,0.06099110546378653,0.1182404817148397
2021-07-12,0.19282511210762324,0.060849922349287044,0.11434634931433774
2021-07-13,0.20179372197309411,0.07426231822674009,0.12679538796626755
2021-07-14,0.19058295964125557,0.0631088521812791,0.12035763062097882
2021-07-15,0.1771300448430493,0.07270930396724554,0.12663799799962394
2021-07-16,0.1771300448430493,0.09303967245517433,0.12857744855632713
2021-07-19,0.15022421524663673,0.15021883382747422,0.15418124216223283
2021-07-20,0.1591928251121076,0.11111111111111113,0.16451313190802352
2021-07-21,0.1748878923766816,0.08541578427220106,0.14641836283972065
2021-07-22,0.16816143497757843,0.08230975575321195,0.1503277265273173
2021-07-23,0.1748878923766816,0.07539178314273612,0.14879444362646765
2021-07-26,0.17264573991031387,0.08075674149371734,0.13787361077968985
2021-07-27,0.163677130044843,0.10588733587462937,0.13780253143991494
2021-07-28,0.16591928251121071,0.09106310885218125,0.1356599970552841
2021-07-29,0.17040358744394615,0.0824509388677114,0.10026248584759578
2021-07-30,0.16143497757847527,0.09007482705068473,0.10981250285586608
2021-08-02,0.15246636771300445,0.10729916701962447,0.10969065255910948
2021-08-03,0.15022421524663673,0.08725116476069464,0.11754491960418978
2021-08-04,0.15022421524663673,0.08626288295919807,0.12124612236816024
2021-08-05,0.1591928251121076,0.0765212480587322,0.11474743987449454
2021-08-06,0.1771300448430493,0.060567556120287996,0.14222468179302616
2021-08-09,0.18161434977578475,0.06861499364675983,0.14950015992851462
2021-08-10,0.18834080717488785,0.06960327544825637,0.15176962170559882
2021-08-11,0.18609865470852013,0.05929690808979243,0.1408284804760287
2021-08-12,0.18834080717488785,0.05266130170831568,0.1401329183653779
2021-08-13,0.17264573991031387,0.05068473810532259,0.129613176078756
2021-08-16,0.16591928251121071,0.06014400677678952,0.1351065936241831
2021-08-17,0.16591928251121071,0.08541578427220106,0.1578164426821278
2021-08-18,0.16816143497757843,0.13708880417902022,0.16181211699659315
2021-08-19,0.16143497757847527,0.13850063532401527,0.18285667866553634
2021-08-20,0.16591928251121071,0.09459268671466889,0.20272335413250175
2021-08-23,0.163677130044843,0.0746858675702386,0.17438300594527867
2021-08-24,0.17264573991031387,0.07567414937173514,0.16104547554616833
2021-08-25,0.18609865470852013,0.06960327544825637,0.15863385508953431
2021-08-26,0.18385650224215247,0.09854581392065512,0.16656427857008627
2021-08-27,0.1771300448430493,0.06395595086827616,0.1438442753207454
2021-08-30,0.17264573991031387,0.061132288578286065,0.13901595731177885
2021-08-31,0.1748878923766816,0.06522659889877172,0.13198417976980448
2021-09-01,0.1771300448430493,0.060002823662289984,0.12008854454897566
2021-09-02,0.17264573991031387,0.06423831709727518,0.1156917796743544
2021-09-03,0.18161434977578475,0.06423831709727518,0.10357782933850501
2021-09-07,0.19282511210762324,0.08866299590568968,0.1254702659890432
2021-09-08,0.18609865470852013,0.08612169984469861,0.13827470133984487
2021-09-09,0.1748878923766816,0.09798108146265708,0.1287094530444799
2021-09-10,0.18609865470852013,0.12833545108005082,0.12357650929362318
2021-09-13,0.18161434977578475,0.10602851898912893,0.12821189766605912
2021-09-14,0.17040358744394615,0.10729916701962447,0.1267852337748714
2021-09-15,0.1771300448430493,0.08922772836368772,0.12531795311809812
2021-09-16,0.18385650224215247,0.09642806720316252,0.1418692850941543
2021-09-17,0.19058295964125557,0.12635888747705773,0.15685687159517236
2021-09-20,0.1771300448430493,0.19553861358181565,0.17430684950980613
2021-09-21,0.18161434977578475,0.17647889312438234,0.16798586536557636
2021-09-22,0.17937219730941703,0.1272059861640548,0.15805506617994247
2021-09-23,0.1995515695067264,0.09558096851616546,0.15254134025172217
2021-09-24,0.2130044843049327,0.08315685444020895,0.1650817666262192
2021-09-27,0.21524663677130038,0.09741634900465909,0.16425927712311417
2021-09-28,0.2286995515695067,0.1608075674149372,0.18984276234622666
2021-09-29,0.2309417040358744,0.15106593251447129,0.21329894447180386
2021-09-30,0.22421524663677125,0.15925455315544265,0.20981097972715723
2021-10-01,0.21524663677130038,0.1311591133700409,0.19658514543340555
2021-10-04,0.2174887892376681,0.15671325709445152,0.19124404075892443
2021-10-05,0.2286995515695067,0.13327686008753356,0.19591496880124648
2021-10-06,0.22645739910313897,0.12904136665254837,0.21381173113732022
2021-10-07,0.23766816143497757,0.1084286319356205,0.20296705472601495
2021-10-08,0.24439461883408067,0.09755753211915855,0.20780044983067825
2021-10-11,0.24439461883408067,0.1149230552025978,0.20780044983067825
2021-10-12,0.23991031390134523,0.1128053084851052,0.2157156420241364
2021-10-13,0.23318385650224213,0.09572215163066497,0.20129669024131402
2021-10-14,0.22421524663677125,0.07059155724975291,0.18786269502393882
2021-10-15,0.23991031390134523,0.06268530283778062,0.1820341891624313
2021-10-18,0.23991031390134523,0.0628264859522801,0.1769012454115746
2021-10-19,0.2533632286995515,0.054214315967810234,0.15950203845392252
2021-10-20,0.2533632286995515,0.05124947056332063,0.15247026091194726
2021-10-21,0.2600896860986547,0.04447268106734434,0.15811599132832033
2021-10-22,0.25560538116591924,0.0504023718763236,0.16068500175159794
2021-10-25,0.2511210762331838,0.04771989270083299,0.15735442697359314
2021-10-26,0.24887892376681606,0.058167443173796435,0.16086270010103387
2021-10-27,0.2286995515695067,0.072285754623747,0.15821753324228371
2021-10-28,0.23542600896860985,0.06593251447126924,0.14901783583718764
2021-10-29,0.2309417040358744,0.06212057037978261,0.1843544218964981
2021-11-01,0.23766816143497757,0.06423831709727518,0.1881165498088473
2021-11-02,0.23318385650224213,0.05887335874629396,0.19200560511365072
2021-11-03,0.24215246636771295,0.0457433290978399,0.1958489665571701
2021-11-04,0.22645739910313897,0.05054355499082308,0.1955748033894693
2021-11-05,0.20852017937219727,0.06522659889877172,0.18118123708513778
2021-11-08,0.22197309417040353,0.07567414937173514,0.16862050232784842
2021-11-09,0.210762331838565,0.08358040378370749,0.16534577560252472
2021-11-10,0.23318385650224213,0.09699279966116056,0.18496875047597783
2021-11-11,0.23318385650224213,0.08188620640971339,0.18496875047597783
2021-11-12,0.23766816143497757,0.06254411972328108,0.20351030396571979
2021-11-15,0.24887892376681606,0.0653677820132712,0.20726735478237046
2021-11-16,0.24887892376681606,0.06367358463927716,0.23512537887826657
2021-11-17,0.24215246636771295,0.07412113511224058,0.22954057361027136
2021-11-18,0.23991031390134523,0.08089792460821685,0.23167803089920458
2021-11-19,0.2286995515695067,0.08541578427220106,0.23932921411635721
2021-11-22,0.24887892376681606,0.10320485669913879,0.26114549433142287
2021-11-23,0.25784753363228696,0.10616970210362839,0.27965150815127693
2021-11-24,0.2511210762331838,0.09487505294366791,0.29282657148804514
2021-11-26,0.21524663677130038,0.23662289990117183,0.30503190954646264
2021-11-29,0.22421524663677125,0.15671325709445152,0.30859095363088507
2021-11-30,0.20403587443946183,0.2164337145277425,0.2895315363799291
2021-12-01,0.20403587443946183,0.27191867852604834,0.2733863720597274
2021-12-02,0.20627802690582955,0.22716363122970493,0.2799205942232801
2021-12-03,0.18609865470852013,0.2655654383735706,0.29108005056787256
2021-12-06,0.20403587443946183,0.21629253141324298,0.2867746734158194
2021-12-07,0.21524663677130038,0.14160666384300438,0.27160938856536454
2021-12-08,0.22421524663677125,0.1135112240576027,0.25061559785340304
2021-12-09,0.2174887892376681,0.13722998729351968,0.2676898706863726
2021-12-10,0.21524663677130038,0.09642806720316252,0.25727167031371323
2021-12-13,0.20179372197309411,0.11929973175208244,0.270908749359017
2021-12-14,0.20627802690582955,0.14160666384300438,0.29112574442915573
2021-12-15,0.2130044843049327,0.10489905407313285,0.3003762127912344
2021-12-16,0.20627802690582955,0.1229704927290696,0.26445576072663357
2021-12-17,0.1995515695067264,0.13708880417902022,0.2682889679787568
2021-12-20,0.20403587443946183,0.155442609063956,0.27937734498357525
2021-12-21,0.21524663677130038,0.12918254976704788,0.2844645948731488
2021-12-22,0.210762331838565,0.09558096851616546,0.2662073587425047
2021-12-23,0.21973094170403581,0.08612169984469861,0.2553271426613115
2021-12-27,0.21524663677130038,0.08216857263871241,0.25203718464889313
2021-12-28,0.2174887892376681,0.08019200903571932,0.24952909937399337
2021-12-29,0.2309417040358744,0.07186220528024848,0.24694993475932048
2021-12-30,0.22421524663677125,0.0772271636312297,0.2426344034158694
2021-12-31,0.22421524663677125,0.07567414937173514,0.2426344034158694
2022-01-03,0.24887892376681606,0.06692079627276579,0.2491026233353466
2022-01-04,0.25560538116591924,0.07129747282225046,0.2441270695511335
2022-01-05,0.26681614349775773,0.11111111111111113,0.23529800013200397
2022-01-06,0.27130044843049317,0.10941691373711701,0.24882846016764493
2022-01-07,0.2780269058295963,0.09741634900465909,0.23058645532409638
2022-01-10,0.28251121076233177,0.10645206833262741,0.23949168117869846
2022-01-11,0.2757847533632286,0.09247493999717635,0.21977731858267724
2022-01-12,0.2735426008968609,0.08132147395171538,0.1956408056335457
2022-01-13,0.2645739910313901,0.11929973175208244,0.1866086523864885
2022-01-14,0.28251121076233177,0.1034872229281378,0.19693546503657977
2022-01-18,0.30269058295964124,0.1543131441479599,0.2149337692866169
2022-01-19,0.29372197309417036,0.16927855428490754,0.20854170580261222
2022-01-20,0.29372197309417036,0.19384441620782153,0.20105298964780172
2022-01-21,0.2757847533632286,0.2398701115346605,0.20857724547249923
2022-01-24,0.2757847533632286,0.25469433855710855,0.23855241847453534
2022-01-25,0.28251121076233177,0.2724834109840464,0.23659265953503894
2022-01-26,0.2982062780269058,0.28377806014400686,0.2328609941968791
2022-01-27,0.2892376681614349,0.2630241423125794,0.2776917492117805
2022-01-28,0.28251121076233177,0.2230693209092193,0.28081924016185766
2022-01-31,0.2847533632286995,0.1831144995058591,0.2567131897869146
2022-02-01,0.2892376681614349,0.14259494564450095,0.2467265425486005
2022-02-02,0.28251121076233177,0.14443032613299447,0.23590217452008666
2022-02-03,0.29147982062780264,0.17633771000988283,0.22337190233698667
2022-02-04,0.31614349775784745,0.16038401807143862,0.23503906825139698
2022-02-07,0.3139013452914797,0.15530142594945642,0.22862161928890146
2022-02-08,0.3228699551569506,0.13525342369052665,0.2326325248904615
2022-02-09,0.31838565022421517,0.11435832274459976,0.2190766793763288
2022-02-10,0.33856502242152453,0.17012565297190455,0.20531267293857258
2022-02-11,0.3139013452914797,0.2188338274742341,0.21988901468803768
2022-02-14,0.32735426008968604,0.23252858958068615,0.23775531444992204
2022-02-15,0.34304932735425997,0.19539743046731609,0.2242959337540551
2022-02-16,0.33856502242152453,0.17549061132288576,0.21209567279133612
2022-02-17,0.3251121076233183,0.22942256106169703,0.2114153419677809
2022-02-18,0.3139013452914797,0.22433996893971483,0.2175890903367632
2022-02-22,0.31838565022421517,0.2393053790766624,0.21260338236115395
2022-02-23,0.32959641255605376,0.27050684738105324,0.2108974782065669
2022-02-24,0.3228699551569506,0.26062402936608786,0.27568121931530243
2022-02-25,0.3251121076233183,0.22208103910772273,0.24092849926128235
2022-02-28,0.29372197309417036,0.2582239164195962,0.2393241370206587
2022-03-01,0.26905829596412545,0.3029789637159396,0.26849205180668445
2022-03-02,0.3004484304932735,0.26655372017506707,0.26679122474779504
2022-03-03,0.3004484304932735,0.2628829591980799,0.27626000822489427
2022-03-04,0.2735426008968609,0.28406042637300577,0.3118910658346996
2022-03-07,0.28251121076233177,0.34716927855428503,0.34639500819950886
2022-03-08,0.3004484304932735,0.32853310744035014,0.36099165833176805
2022-03-09,0.31838565022421517,0.29069603275448264,0.3090834319136073
2022-03-10,0.32735426008968604,0.25935338133559227,0.3164096810060766
2022-03-11,0.3318385650224215,0.2666949032895666,0.3305950863867828
2022-03-14,0.36322869955156944,0.28109558096851617,0.3371953107944128
2022-03-15,0.36547085201793716,0.253706056755612,0.3419627036550006
2022-03-16,0.37443946188340793,0.20909219257376824,0.31963363677441947
2022-03-17,0.37668161434977576,0.1949738811238176,0.28109340332955934
2022-03-18,0.36322869955156944,0.16956092051390656,0.2856780207450127
2022-03-21,0.4035874439461882,0.16476069462092338,0.2756253712626231
2022-03-22,0.4170403587443945,0.1564308908654525,0.2828399242497319
2022-03-23,0.4035874439461882,0.16532542707892137,0.2788442499352666
2022-03-24,0.4080717488789236,0.13850063532401527,0.2765595568710877
2022-03-25,0.4394618834080716,0.12635888747705773,0.26793864837558257
2022-03-28,0.43497757847533625,0.10969927996611603,0.2882470311682903
2022-03-29,0.42376681614349765,0.09939291260765212,0.25660149368155416
2022-03-30,0.41031390134529133,0.10546378653113084,0.23191157730132073
2022-03-31,0.4035874439461882,0.12282930961457009,0.23900427999167295
2022-04-01,0.4192825112107622,0.10969927996611603,0.25210826398866804
2022-04-04,0.42600896860986537,0.09473386982916845,0.24848321766016923
2022-04-05,0.4529147982062779,0.1294649159960469,0.26476546356422226
2022-04-06,0.4686098654708518,0.14457150924749404,0.2784330051837145
2022-04-07,0.4798206278026905,0.1368064379500212,0.296309459136995
2022-04-08,0.49327354260089673,0.13130029648454047,0.2996552652020936
2022-04-11,0.5089686098654708,0.17662007623888185,0.30586455324096384
2022-04-12,0.49327354260089673,0.1750670619793873,0.29797982362169506
2022-04-13,0.4887892376681613,0.14061838204150787,0.2925117915547588
2022-04-14,0.5179372197309415,0.15304249611746437,0.3166736899823821
2022-04-18,0.522421524663677,0.14555979104899056,0.32111614871828653
2022-04-19,0.5403587443946187,0.13426514188903008,0.3358143407645082
2022-04-20,0.522421524663677,0.11944091486658195,0.31552118925889605
2022-04-21,0.5336322869955156,0.15276012988846535,0.3364845173966682
2022-04-22,0.5336322869955156,0.23083439220669208,0.3809141818514137
2022-04-25,0.5134529147982062,0.21403360158125087,0.41184892594040523
2022-04-26,0.5044843049327353,0.3058026260059298,0.42890796748627924
2022-04-27,0.5156950672645738,0.2786954680220246,0.4546082259104498
2022-04-28,0.522421524663677,0.25596498658760414,0.48498448947264183
2022-04-29,0.5313901345291479,0.30410842863193566,0.45570487858125563
2022-05-02,0.553811659192825,0.289143018494988,0.4754598579428624
2022-05-03,0.5493273542600896,0.2455174361146407,0.46637185664312497
2022-05-04,0.5403587443946187,0.19144430326132997,0.4589085259668062
2022-05-05,0.5672645739910313,0.2730481434420443,0.4816336063118447
2022-05-06,0.5829596412556053,0.25878864887759423,0.4740230398602776
2022-05-09,0.5672645739910313,0.323168149089369,0.5065418378071005
2022-05-10,0.553811659192825,0.29831992093745596,0.5205901616039563
2022-05-11,0.5358744394618833,0.29224904701397714,0.50119565603692
2022-05-12,0.5201793721973093,0.28109558096851617,0.5460467194346137
2022-05-13,0.5403587443946187,0.24015247776365947,0.5239562760518472
2022-05-16,0.5291479820627801,0.22038684173372866,0.5160004670928044
2022-05-17,0.5515695067264572,0.20104475504729638,0.47540400989018217
2022-05-18,0.5313901345291479,0.2696597486940562,0.4825322522504223
2022-05-19,0.5201793721973093,0.2469292672596358,0.45219152835811816
2022-05-20,0.5067264573991029,0.24805873217563182,0.4490081893553608
2022-05-23,0.5246636771300447,0.23464633629817874,0.4160222986043065
2022-05-24,0.5022421524663675,0.24834109840463084,0.4113919873275691
2022-05-25,0.4999999999999999,0.2330933220386842,0.4284154892035561
2022-05-26,0.4999999999999999,0.2208103910772272,0.41881977833400175
2022-05-27,0.49775784753363217,0.1956797966963151,0.39406893680538957
2022-05-31,0.522421524663677,0.20231540307779192,0.38337149616933086
2022-06-01,0.5426008968609864,0.19525624735281663,0.4150881129958419
2022-06-02,0.538116591928251,0.18156148524636453,0.3831328726715162
2022-06-03,0.5470852017937218,0.18254976704786105,0.3907282078359895
2022-06-06,0.5650224215246635,0.18650289425384728,0.3953737503998207
2022-06-07,0.5515695067264572,0.1716786672313991,0.402217675400963
2022-06-08,0.5627802690582958,0.1708315685444021,0.3998974426668971
2022-06-09,0.5650224215246635,0.20090357193279687,0.4265471179866269
2022-06-10,0.5896860986547083,0.22433996893971483,0.48112081964632925
2022-06-13,0.6524663677130044,0.31286178173090506,0.539888202352726
2022-06-14,0.6659192825112107,0.29408442750247066,0.5660403222940342
2022-06-15,0.6300448430493272,0.2507412113511225,0.5645882729243556
2022-06-16,0.6188340807174886,0.2977551884794579,0.5157110726380081
2022-06-17,0.6121076233183855,0.27205986164054774,0.5443154298015358
2022-06-21,0.6255605381165917,0.25878864887759423,0.5142133294070454
2022-06-22,0.5919282511210762,0.2412819426796555,0.5079786558896844
2022-06-23,0.576233183856502,0.2426937738246506,0.5202347649050836
2022-06-24,0.5852017937219729,0.21699844698574053,0.506277828830795
2022-06-27,0.6008968609865469,0.21304531977975436,0.49049821540086125
2022-06-28,0.6008968609865469,0.23295213892418468,0.5131674476932213
2022-06-29,0.5784753363228698,0.23012847663419458,0.5306072714164589
2022-06-30,0.5515695067264572,0.23789354793166742,0.5307545071917055
2022-07-01,0.5291479820627801,0.2095157419172667,0.558196209440351
2022-07-05,0.5156950672645738,0.22137512353522518,0.6148210577621169
2022-07-06,0.5403587443946187,0.20993929126076524,0.6345658829323266
2022-07-07,0.5582959641255604,0.2007623888182973,0.6202027792021845
2022-07-08,0.576233183856502,0.1804320203303685,0.6069414052385467
2022-07-11,0.553811659192825,0.2020330368487929,0.6492742291699454
2022-07-12,0.5470852017937218,0.21784554567273753,0.6571437275021195
2022-07-13,0.5358744394618833,0.21120993929126078,0.6486040525377863
2022-07-14,0.5470852017937218,0.20528024848228152,0.6881393967394889
2022-07-15,0.5403587443946187,0.17464351263588876,0.6583114595127002
2022-07-18,0.5470852017937218,0.1897501058873359,0.6225585516061392
2022-07-19,0.5582959641255604,0.17845545672737542,0.6079466701867862
2022-07-20,0.5650224215246635,0.16970210362840601,0.6139071805364456
2022-07-21,0.5358744394618833,0.15883100381194407,0.6295090956169425
2022-07-22,0.5044843049327353,0.1577015388959481,0.6065301604869946
2022-07-25,0.5134529147982062,0.16236058167443176,0.606926173951452
2022-07-26,0.5134529147982062,0.18113793590286606,0.6220406878449252
2022-07-27,0.5067264573991029,0.16066638430043764,0.6250006346369625
2022-07-28,0.48430493273542596,0.1478187208809826,0.5893898854099495
2022-07-29,0.48206278026905813,0.13370040943103204,0.5717520549544837
2022-08-01,0.4663677130044842,0.15501905972045746,0.5536014378335015
2022-08-02,0.4999999999999999,0.17040801920090357,0.5809720607423721
2022-08-03,0.49551569506726445,0.1424537625300014,0.6032757421444632
2022-08-04,0.48430493273542596,0.13525342369052665,0.5750166274884112
2022-08-05,0.5179372197309415,0.1311591133700409,0.5997116209643432
2022-08-08,0.5044843049327353,0.133135676973034,0.5773063976482886
2022-08-09,0.5112107623318384,0.13991246646901032,0.5764534455709951
2022-08-10,0.5067264573991029,0.11125229422561059,0.5202449190964797
2022-08-11,0.5269058295964124,0.11774671749258789,0.5183816249752482
2022-08-12,0.5201793721973093,0.10828744882112104,0.5335672182084954
2022-08-15,0.5089686098654708,0.11421713963010025,0.5544340815280018
2022-08-16,0.5156950672645738,0.11054637865311309,0.5671623604433318
2022-08-17,0.5313901345291479,0.1135112240576027,0.5870290359102981
2022-08-18,0.5291479820627801,0.10871099816461952,0.601854155348974
2022-08-19,0.5515695067264572,0.12339404207256813,0.6367541111782415
2022-08-22,0.5627802690582958,0.16857263871241,0.6648152191020644
2022-08-23,0.5672645739910313,0.1729493152618947,0.6368607301879026
2022-08-24,0.5807174887892375,0.15473669349145844,0.6394957428552566
2022-08-25,0.5627802690582958,0.14005364958350983,0.6370028888674515
2022-08-26,0.5650224215246635,0.193420866864323,0.6373278229921349
2022-08-29,0.5829596412556053,0.20259776930679094,0.6577885186557877
2022-08-30,0.5807174887892375,0.20259776930679094,0.6687245827896611
2022-08-31,0.5896860986547083,0.19779754341380776,0.6611800185821695
2022-09-01,0.6143497757847531,0.193420866864323,0.7050359712230208
2022-09-02,0.6008968609865469,0.19215021883382746,0.6731822728126602
2022-09-06,0.6300448430493272,0.21248058732175631,0.7236892208181231
2022-09-07,0.616591928251121,0.1804320203303685,0.7274361174433768
2022-09-08,0.6210762331838564,0.1658901595369194,0.714149358001249
2022-09-09,0.6300448430493272,0.1543131441479599,0.6741113813254263
2022-09-12,0.639013452914798,0.16956092051390656,0.6511984484395539
2022-09-13,0.6502242152466365,0.2175631794437385,0.7065438686453795
2022-09-14,0.6479820627802689,0.20189185373429339,0.7078182196656222
2022-09-15,0.6569506726457398,0.20344486799378794,0.7299086630483895
2022-09-16,0.6569506726457398,0.20386841733728647,0.7295786518280076
2022-09-19,0.6659192825112107,0.1962445291543132,0.7361687220442414
2022-09-20,0.6838565022421522,0.21601016518424396,0.7419921508100504
2022-09-21,0.670403587443946,0.22772836368770297,0.7731655183968558
2022-09-22,0.7130044843049326,0.2186926443597346,0.7945096287119906
2022-09-23,0.7107623318385649,0.25497670478610757,0.8513680234358727
2022-09-26,0.7533632286995514,0.28801355357899194,0.9106532699034835
2022-09-27,0.7735426008968609,0.2928137794719752,0.909917091027248
2022-09-28,0.717488789237668,0.2586474657630947,0.8923401857201609
2022-09-29,0.7264573991031388,0.28208386277001274,0.8645481638683403
2022-09-30,0.7421524663677128,0.2789778342510236,0.8630047267760945
2022-10-03,0.7062780269058294,0.25751800084709875,0.8408381269578546
2022-10-04,0.6950672645739909,0.24297614005364962,0.7953828891720773
2022-10-05,0.7264573991031388,0.2356346180996753,0.8298563689626981
2022-10-06,0.7421524663677128,0.26344769165607795,0.8494082644963763
2022-10-07,0.7556053811659191,0.2753070732740365,0.8525154470636611
2022-10-10,0.7556053811659191,0.29069603275448264,0.8525154470636611
2022-10-11,0.76457399103139,0.3073556402654243,0.8703919010169416
2022-10-12,0.7600896860986546,0.3065085415784272,0.894975198387514
2022-10-13,0.7735426008968609,0.28349569391500784,0.8737529383691349
2022-10-14,0.7802690582959639,0.2846251588310039,0.904352594142046
2022-10-17,0.7847533632286993,0.275448256388536,0.8697014160019902
2022-10-18,0.7825112107623317,0.26316532542707893,0.8834400369612565
2022-10-19,0.8116591928251118,0.2668360864040661,0.9078507130780906
2022-10-20,0.8340807174887891,0.2558238034731046,0.8880094230896152
2022-10-21,0.8273542600896859,0.25172949315261894,0.8711230027974786
2022-10-24,0.8363228699551567,0.2539884229846111,0.8893650076410289
2022-10-25,0.802690582959641,0.23436397006917978,0.8563080375501997
2022-10-26,0.7892376681614348,0.21770436255823808,0.8104618633956626
2022-10-27,0.7713004484304931,0.21925737681773264,0.8220985667358836
2022-10-28,0.7847533632286993,0.19610334603981364,0.8479612922223962
2022-10-31,0.802690582959641,0.1979387265283072,0.8686555342881652
2022-11-01,0.795964125560538,0.19695044472681064,0.8571762209145879
2022-11-02,0.802690582959641,0.1976563602993082,0.8527439163700787
2022-11-03,0.8116591928251118,0.1897501058873359,0.8962749348862467
2022-11-04,0.818385650224215,0.17916137229987297,0.8443768626594839
2022-11-07,0.8295964125560535,0.17633771000988283,0.8017698755603835
2022-11-08,0.8116591928251118,0.19313850063532403,0.7677634885739959
2022-11-09,0.8071748878923765,0.20090357193279687,0.7856653280057673
2022-11-10,0.7399103139013451,0.16476069462092338,0.7207597366002751
2022-11-11,0.7399103139013451,0.15050120005647324,0.7207597366002751
2022-11-14,0.7533632286995514,0.16758435691091347,0.6561943106065602
2022-11-15,0.7354260089686097,0.1790201891853734,0.6364393312449543
2022-11-16,0.7062780269058294,0.1729493152618947,0.6487766737915237
2022-11-17,0.7286995515695065,0.17040801920090357,0.6841386453293259
2022-11-18,0.7399103139013451,0.15897218692644363,0.6777871986109059
2022-11-21,0.7421524663677128,0.14824227022448114,0.7207648136959728
2022-11-22,0.7264573991031388,0.133135676973034,0.6972426293263201
2022-11-23,0.7152466367713003,0.11986446421008048,0.6730198057503181
2022-11-25,0.7085201793721971,0.12198221092757308,0.6517366205835602
2022-11-28,0.7107623318385649,0.1461245235069886,0.6651096906525584
2022-11-29,0.7242152466367712,0.14160666384300438,0.6677599346070071
2022-11-30,0.7085201793721971,0.12311167584356911,0.6605149190457089
2022-12-01,0.6748878923766815,0.11266412537060569,0.5837035382279918
2022-12-02,0.670403587443946,0.10165184243964423,0.5840640120225622
2022-12-05,0.6905829596412555,0.12551178879006072,0.6160141752511885
2022-12-06,0.670403587443946,0.14555979104899056,0.6353477556698461
2022-12-07,0.6502242152466365,0.15276012988846535,0.6221320755674924
2022-12-08,0.6636771300448429,0.14725398842298462,0.6046617892700654
2022-12-09,0.6838565022421522,0.1548778766059579,0.6050070317775411
2022-12-12,0.6928251121076231,0.1855146124523507,0.6228682544437278
2022-12-13,0.670403587443946,0.15092474939997177,0.5760726633936324
2022-12-14,0.6659192825112107,0.13101793025554145,0.5747881581819936
2022-12-15,0.654708520179372,0.1548778766059579,0.6118154171087964
2022-12-16,0.6636771300448429,0.15191303120146835,0.6167046602661408
2022-12-19,0.6838565022421522,0.1490893689114782,0.6105664515670455
2022-12-20,0.7107623318385649,0.13581815614852463,0.5905830028990211
2022-12-21,0.7085201793721971,0.11591133700409431,0.5980107939054538
2022-12-22,0.7062780269058294,0.1427361287590004,0.5957768717982557
2022-12-23,0.7242152466367712,0.1272059861640548,0.582160101135746
2022-12-27,0.7443946188340805,0.13821826909501625,0.5711275721836078
2022-12-28,0.7533632286995514,0.14513624170549203,0.583972624299995
2022-12-29,0.7421524663677128,0.13525342369052665,0.5662687916004527
2022-12-30,0.7533632286995514,0.13850063532401527,0.5544848524849844
2023-01-03,0.7331838565022419,0.15586615840745446,0.587242273929621
2023-01-04,0.7107623318385649,0.1433008612169985,0.5581200530048784
2023-01-05,0.7152466367713003,0.14965410136947624,0.5869478023791261
2023-01-06,0.6793721973094168,0.13087674714104194,0.5363190040769075
2023-01-09,0.6748878923766815,0.1427361287590004,0.48853845646136485
2023-01-10,0.6928251121076231,0.12311167584356911,0.4932956951305565
2023-01-11,0.6771300448430492,0.1303120146830439,0.48875169448068867
2023-01-12,0.6524663677130044,0.09840463080615555,0.451501043343165
2023-01-13,0.6659192825112107,0.09162784131017934,0.437863964297863
2023-01-17,0.6748878923766815,0.10588733587462937,0.4417428654112694
2023-01-18,0.639013452914798,0.11972328109558097,0.4347060107735965
2023-01-19,0.6434977578475335,0.1222645771565721,0.46127445256215616
2023-01-20,0.6636771300448429,0.1128053084851052,0.44886095358011335
2023-01-23,0.6726457399103137,0.11224057602710716,0.4391281611267086
2023-01-24,0.6591928251121074,0.10362840604263732,0.43660484456471504
2023-01-25,0.6591928251121074,0.1019342086686432,0.4303904794301463
2023-01-26,0.6659192825112107,0.09699279966116056,0.433040723384595
2023-01-27,0.6726457399103137,0.09388677114217145,0.42821240537562844
2023-01-30,0.6793721973094168,0.11407595651560073,0.4259683290770342
2023-01-31,0.6726457399103137,0.10645206833262741,0.4301873956022195
2023-02-01,0.6434977578475335,0.08485105181420302,0.412346481318826
2023-02-02,0.6457399103139012,0.09699279966116056,0.3975924412199241
2023-02-03,0.6748878923766815,0.09134547508118027,0.4561008920457139
2023-02-06,0.6973094170403585,0.10687561767612594,0.5073897127886964
2023-02-07,0.7062780269058294,0.09600451785966399,0.49815955280941093
2023-02-08,0.6973094170403585,0.10969927996611603,0.48847245421728935
2023-02-09,0.7062780269058294,0.12494705633206268,0.48032371562171505
2023-02-10,0.7219730941704035,0.12240576027107161,0.4891883247107316
2023-02-13,0.717488789237668,0.11972328109558097,0.4821514700730587
2023-02-14,0.7286995515695065,0.09953409572215163,0.47938953001325046
2023-02-15,0.7376681614349774,0.08993364393618522,0.5064250646060424
2023-02-16,0.748878923766816,0.11732316814908941,0.5071510892908817
2023-02-17,0.7399103139013451,0.11520542143159676,0.511994638586942
2023-02-21,0.7690582959641254,0.155442609063956,0.5158380000304623
2023-02-22,0.76457399103139,0.14725398842298462,0.5269517625137716
2023-02-23,0.7533632286995514,0.13101793025554145,0.5393449531130212
2023-02-24,0.7690582959641254,0.13850063532401527,0.5641567197900113
2023-02-27,0.7623318385650222,0.12833545108005082,0.5558252057493025
2023-02-28,0.7623318385650222,0.12480587321756317,0.5528094109045858
2023-03-01,0.7825112107623317,0.12311167584356911,0.5168077253088139
2023-03-02,0.7982062780269057,0.10913454750811805,0.5420815076943386
2023-03-03,0.7735426008968609,0.09360440491317237,0.5244081375689849
2023-03-06,0.7757847533632285,0.09529860228716644,0.5107405959494926
2023-03-07,0.7735426008968609,0.10913454750811805,0.5591456263359103
2023-03-08,0.7757847533632285,0.10235775801214173,0.5586988419144703
2023-03-09,0.76457399103139,0.15177184808696878,0.558714073201565
2023-03-10,0.7130044843049326,0.18269095016236062,0.5472296827322891
2023-03-13,0.6793721973094168,0.20697444585627559,0.5279062565050285
2023-03-14,0.6995515695067264,0.16758435691091347,0.5348263379416434
2023-03-15,0.670403587443946,0.20160948750529437,0.5887907881175654
2023-03-16,0.6816143497757846,0.15713680643795,0.5703152368718998
2023-03-17,0.6434977578475335,0.1927149512918255,0.5622578859988927
2023-03-20,0.6614349775784752,0.17351404771989268,0.5354203581383299
2023-03-21,0.6883408071748877,0.1344063250035296,0.5298253986789394
2023-03-22,0.6636771300448429,0.14683043907948615,0.5163609408873739
2023-03-23,0.6412556053811658,0.15177184808696878,0.47214451445195316
2023-03-24,0.6412556053811658,0.13948891712551179,0.5073389418317138
2023-03-27,0.6748878923766815,0.12339404207256813,0.4978600041632175
2023-03-28,0.6793721973094168,0.11449950585909927,0.471195097556393
2023-03-29,0.6838565022421522,0.10249894112664129,0.4723932921411631
2023-03-30,0.6793721973094168,0.10108710998164619,0.4565527535628515
2023-03-31,0.6636771300448429,0.09656925031766198,0.4540548224793488
2023-04-03,0.6524663677130044,0.09445150360016943,0.45268908373653893
2023-04-04,0.6345291479820626,0.10080474375264717,0.44405294395394
2023-04-05,0.623318385650224,0.1019342086686432,0.4512979595152391
2023-04-06,0.623318385650224,0.09233375688267684,0.4521153719226447
2023-04-10,0.6479820627802689,0.10038119440914864,0.47614526586211525
2023-04-11,0.6524663677130044,0.10221657489764227,0.46318344054467087
2023-04-12,0.6479820627802689,0.10207539178314276,0.43745271954631093
2023-04-13,0.6569506726457398,0.0838627700127065,0.40716784370668524
2023-04-14,0.6726457399103137,0.07355640265424257,0.4297812279463651
2023-04-17,0.6905829596412555,0.07186220528024848,0.45085625218949676
2023-04-18,0.68609865470852,0.07016800790625438,0.44255012362727975
2023-04-19,0.6905829596412555,0.0649442326697727,0.45286678208597575
2023-04-20,0.6771300448430492,0.07496823379923764,0.4434640008529511
2023-04-21,0.6838565022421522,0.06932090921925738,0.45334910617730184
2023-04-24,0.6726457399103137,0.07101510659325147,0.44834308981890025
2023-04-25,0.6457399103139012,0.09741634900465909,0.4689814838319881
2023-04-26,0.6524663677130044,0.09854581392065512,0.4548011555469804
2023-04-27,0.6748878923766815,0.07299167019624456,0.4598579428623646
2023-04-28,0.654708520179372,0.05534378088380629,0.4497342140402001
2023-05-01,0.6883408071748877,0.05957927431879145,0.46031995857089925
2023-05-02,0.654708520179372,0.08358040378370749,0.46879363129115603
2023-05-03,0.6412556053811658,0.09148665819567978,0.4447231205860991
2023-05-04,0.639013452914798,0.11619370323309333,0.4402908160415908
2023-05-05,0.654708520179372,0.07525060002823664,0.4163472327289899
2023-05-08,0.6726457399103137,0.072285754623747,0.41752004183526825
2023-05-09,0.6748878923766815,0.08259212198221097,0.4298319989033468
2023-05-10,0.6524663677130044,0.071721022165749,0.4182612978072022
2023-05-11,0.6434977578475335,0.07157983905124946,0.44030097023298786
2023-05-12,0.6591928251121074,0.07299167019624456,0.45707569441976403
2023-05-15,0.6681614349775783,0.07426231822674009,0.44733782487066076
2023-05-16,0.6771300448430492,0.08654524918819709,0.44875433457045233
2023-05-17,0.6838565022421522,0.07073274036425245,0.47049445835004455
2023-05-18,0.701793721973094,0.05915572497529298,0.494828978031407
2023-05-19,0.7130044843049326,0.06988564167725539,0.4787701243380731
2023-05-22,0.717488789237668,0.07553296625723566,0.49466143387336725
2023-05-23,0.7130044843049326,0.09416913737117041,0.506359062361966
2023-05-24,0.7197309417040357,0.11534660454609633,0.5143199484167074
2023-05-25,0.7421524663677128,0.10278130735564026,0.5328259622365623
2023-05-26,0.7354260089686097,0.08598051673019905,0.5221437528875974
2023-05-30,0.7107623318385649,0.0790625441197233,0.5189197971192554
2023-05-31,0.6995515695067264,0.08583933361569959,0.5399389733097069
2023-06-01,0.6928251121076231,0.05350840039531274,0.4947578986916321
2023-06-02,0.7107623318385649,0.03868417337286459,0.4920873463543911
2023-06-05,0.7107623318385649,0.04051955386135819,0.49245797434035765
2023-06-06,0.7130044843049326,0.029648454044896244,0.49109223559754867
2023-06-07,0.7331838565022419,0.029366087815897224,0.4859491376552949
2023-06-08,0.7197309417040357,0.02527177749541154,0.4716114194036436
2023-06-09,0.7242152466367712,0.027813073556402668,0.46507212014439236
2023-06-12,0.7197309417040357,0.04447268106734434,0.47577971497184723
2023-06-13,0.7443946188340805,0.0388253564873641,0.4542071353502939
2023-06-14,0.7421524663677128,0.02851898912890019,0.433924138036077
2023-06-15,0.717488789237668,0.03727234222786954,0.4227596045957869
2023-06-16,0.7286995515695065,0.023718763235916984,0.4162659991978188
2023-06-20,0.7219730941704035,0.02851898912890019,0.44312383544117395
2023-06-21,0.717488789237668,0.018918537342933778,0.4328681021308567
2023-06-22,0.7354260089686097,0.014824227022448122,0.43440138503170633
2023-06-23,0.7219730941704035,0.02230693209092191,0.4539177408954975
2023-06-26,0.717488789237668,0.0337427643653819,0.4515771997786384
2023-06-27,0.7286995515695065,0.026542425525907104,0.4425755091057706
2023-06-28,0.7152466367713003,0.022165748976422428,0.4649604240390319
2023-06-29,0.7466367713004483,0.023718763235916984,0.474606905865568
2023-06-30,0.7376681614349774,0.024424678808414507,0.46678310139467794
2023-07-03,0.748878923766816,0.024142312579415515,0.4591674578474132
2023-07-05,0.7690582959641254,0.032754482563885357,0.4660367683270463
2023-07-06,0.7914798206278024,0.05054355499082308,0.4894320253042448
2023-07-07,0.7937219730941701,0.04193138500635324,0.4524403060473281
2023-07-10,0.7825112107623317,0.0453197797543414,0.4467844214395589
2023-07-11,0.7780269058295962,0.04207256812085275,0.43516802648213115
2023-07-12,0.748878923766816,0.023718763235916984,0.38040139518589733
2023-07-13,0.7264573991031388,0.024707045037413528,0.3573767661946654
2023-07-14,0.7421524663677128,0.020895100945926864,0.35047191604514527
2023-07-17,0.7376681614349774,0.02287166454891995,0.3551936150444499
2023-07-18,0.7354260089686097,0.02033036848792885,0.3501469819204619
2023-07-19,0.7242152466367712,0.026824791754906097,0.3669267832029366
2023-07-20,0.7466367713004483,0.030072003388394747,0.3779186953894893
2023-07-21,0.7443946188340805,0.024565861922914017,0.39547021521808556
2023-07-24,0.748878923766816,0.028942538472398693,0.38907307463838325
2023-07-25,0.7600896860986546,0.02823662289990117,0.3899158725242806
2023-07-26,0.748878923766816,0.018777354228434268,0.3854429512141868
2023-07-27,0.7825112107623317,0.03600169419737401,0.3925508851916346
2023-07-28,0.7713004484304931,0.020753917831427354,0.38712854698598154
2023-07-31,0.7735426008968609,0.024989411266412548,0.3886973695567182
2023-08-01,0.7914798206278024,0.029224904701397714,0.42635926544579394
2023-08-02,0.7982062780269057,0.05972045743329099,0.45411067053202814
2023-08-03,0.8251121076233182,0.057320344486799374,0.4668084868731688
2023-08-04,0.7914798206278024,0.0739799519977411,0.439194163370785
2023-08-07,0.8004484304932733,0.05520259776930678,0.4524606144301204
2023-08-08,0.7847533632286993,0.05830862628829592,0.48075526875606034
2023-08-09,0.7802690582959639,0.057885076944797414,0.47264714692607157
2023-08-10,0.8004484304932733,0.05633206268530283,0.45728893243908697
2023-08-11,0.8161434977578473,0.04207256812085275,0.48105481740225287
2023-08-14,0.8228699551569506,0.04179020189185373,0.5040134441494084
2023-08-15,0.8273542600896859,0.0649442326697727,0.5115072373999174
2023-08-16,0.84304932735426,0.06946209233375691,0.5185187065590995
2023-08-17,0.8475336322869953,0.08513341804320204,0.5267232932073531
2023-08-18,0.8385650224215244,0.07680361428773119,0.521712199753253
2023-08-21,0.8565022421524662,0.07440350134123958,0.5234079497164439
2023-08-22,0.8565022421524662,0.07214457150924747,0.5183460853053621
2023-08-23,0.8228699551569506,0.058167443173796435,0.5019064494346646
2023-08-24,0.8318385650224214,0.07539178314273612,0.5118118631418076
2023-08-25,0.8363228699551567,0.05393194973881124,0.5258500327472673
2023-08-28,0.8251121076233182,0.04546096286884088,0.5162949386432976
2023-08-29,0.8071748878923765,0.03656642665537202,0.5138223930382857
2023-08-30,0.8071748878923765,0.02851898912890019,0.4909094601524142
2023-08-31,0.8004484304932733,0.024142312579415515,0.5112787680934998
2023-09-01,0.8206278026905827,0.01736552308343922,0.5373191919294484
2023-09-05,0.840807174887892,0.030354369617393767,0.5717114381888972
2023-09-06,0.8475336322869953,0.03656642665537202,0.5932586323319606
2023-09-07,0.840807174887892,0.0358605110828745,0.5976960139721674
2023-09-08,0.8385650224215244,0.02795425667090215,0.5978483268431125
2023-09-11,0.8452914798206276,0.027389524212904137,0.5664921838111727
2023-09-12,0.840807174887892,0.03346039813638291,0.5641770281728036
2023-09-13,0.8363228699551567,0.02287166454891995,0.5523981661530337
2023-09-14,0.8452914798206276,0.013553578991952558,0.561349085868919
2023-09-15,0.8542600896860985,0.027248341098404627,0.5594045582165172
2023-09-18,0.8520179372197308,0.030213186502894257,0.5596736442885204
2023-09-19,0.8632286995515693,0.03176620076238881,0.5584602184166565
2023-09-20,0.8587443946188338,0.04630806155583794,0.5484329544127569
2023-09-21,0.890134529147982,0.08019200903571932,0.5777379507826339
2023-09-22,0.8789237668161434,0.07539178314273612,0.5765346791021662
2023-09-25,0.9035874439461881,0.07115628970775092,0.605524895538756
2023-09-26,0.9058295964125557,0.09995764506565016,0.6233201159608655
2023-09-27,0.9170403587443944,0.08979246082168571,0.648690363164655
2023-09-28,0.9125560538116589,0.0773683467457292,0.6264272985281494
2023-09-29,0.9125560538116589,0.0799096428067203,0.6151053751212157
2023-10-02,0.9349775784753361,0.08118029083721587,0.651868625071713
2023-10-03,0.9618834080717485,0.11181702668360868,0.687667226839558
2023-10-04,0.943946188340807,0.09487505294366791,0.6786503048795964
2023-10-05,0.9417040358744392,0.09360440491317237,0.6933941907871022
2023-10-06,0.9551569506726455,0.07892136100522376,0.6670389870178655
2023-10-09,0.9551569506726455,0.0824509388677114,0.6670389870178655
2023-10-10,0.9282511210762331,0.07299167019624456,0.6461010443585851
2023-10-11,0.9103139013452913,0.05972045743329099,0.6383990901844507
2023-10-12,0.9372197309417037,0.06819144430326135,0.6595553479587535
2023-10-13,0.9215246636771298,0.10532260341663138,0.6783456791377054
2023-10-16,0.9394618834080716,0.07553296625723566,0.6652569264278059
2023-10-17,0.966367713004484,0.08499223492870253,0.6557322948980264
2023-10-18,0.9843049327354257,0.10391077227163628,0.6895812919177704
2023-10-19,0.9999999999999999,0.13468869123252855,0.6888704985200258
2023-10-20,0.9887892376681612,0.1390653677820133,0.6796708011149297
2023-10-23,0.9730941704035873,0.1201468304390795,0.6638607251108075
2023-10-24,0.966367713004484,0.10038119440914864,0.6806862202545645
2023-10-25,0.9932735426008966,0.11760553437808838,0.6880023151556376
2023-10-26,0.9730941704035873,0.12452350698856415,0.6989688418636995
2023-10-27,0.9686098654708518,0.13285331074403503,0.6801582023019552
2023-10-30,0.9775784753363227,0.11139347734011015,0.6694912242400859
2023-10-31,0.9775784753363227,0.08866299590568968,0.690738869736955
2023-11-01,0.9529147982062777,0.07073274036425245,0.6885658727781356
2023-11-02,0.9304932735426007,0.05364958350981222,0.6438569680599908
2023-11-03,0.9080717488789237,0.04306084992234929,0.5880647634327252
2023-11-06,0.9304932735426007,0.04277848369335027,0.5813934596853212
2023-11-07,0.9103139013452913,0.041649018777354246,0.602666490660682
2023-11-08,0.890134529147982,0.03656642665537202,0.6035448282164664
2023-11-09,0.9192825112107622,0.04842580827333051,0.6054690474860758
2023-11-10,0.9170403587443944,0.032613299449385846,0.6054690474860758
2023-11-13,0.9215246636771298,0.040943103204856696,0.6204718652741885
2023-11-14,0.8789237668161434,0.032472116334886336,0.5670405101465752
2023-11-15,0.8991031390134528,0.032754482563885357,0.5526723293207345
2023-11-16,0.8811659192825111,0.03473104616687844,0.5573331031716613
2023-11-17,0.8789237668161434,0.027389524212904137,0.5405989957504707
2023-11-20,0.8744394618834078,0.021883382747423408,0.5101161131786167
2023-11-21,0.8721973094170402,0.021036284060426375,0.507724801104775
2023-11-22,0.8744394618834078,0.013977128335451061,0.5309525139239346
2023-11-24,0.8856502242152463,0.00847098686997036,0.5082477419616875
2023-11-27,0.8677130044843047,0.011718198503458982,0.5062575204480027
2023-11-28,0.8565022421524662,0.011718198503458982,0.47722161015012965
2023-11-29,0.840807174887892,0.015812508823944665,0.48774135243675154
2023-11-30,0.8632286995515693,0.014965410136947632,0.5089382269766398
2023-12-01,0.8295964125560535,0.010871099816461949,0.4943212684615883
2023-12-04,0.84304932735426,0.01722433996893971,0.5203515381061417
2023-12-05,0.8206278026905827,0.013977128335451061,0.5358976051339583
2023-12-06,0.8071748878923765,0.015671325709445155,0.5237988860852036
2023-12-07,0.8116591928251118,0.01694197373994072,0.526794372547128
2023-12-08,0.8318385650224214,0.0069179726104757755,0.5347197189319814
2023-12-11,0.8318385650224214,0.010871099816461949,0.5434167838629582
2023-12-12,0.8251121076233182,0.00296484540448963,0.5312977564314103
2023-12-13,0.7892376681614348,0.004659042778483696,0.5558810538019827
2023-12-14,0.7623318385650222,0.00875335309896938,0.47609449490513445
2023-12-15,0.7600896860986546,0.005929690808979232,0.4845630905296927
2023-12-18,0.7690582959641254,0.009882818014965405,0.4935292415326735
2023-12-19,0.76457399103139,0.009459268671466875,0.47185004290145827
2023-12-20,0.748878923766816,0.02555414372441056,0.47568832724928
2023-12-21,0.7556053811659191,0.02527177749541154,0.4647674944025013
2023-12-22,0.7578475336322867,0.01651842439644219,0.4520392154871722
2023-12-26,0.7556053811659191,0.015953691938444176,0.4435960053411039
2023-12-27,0.7331838565022419,0.008047437526471829,0.42315561806024515
2023-12-28,0.7443946188340805,0.00861216998446987,0.41856084645339475
2023-12-29,0.7533632286995514,0.008329803755470822,0.4188959347694743
2024-01-02,0.7690582959641254,0.018918537342933778,0.4619446291943152
2024-01-03,0.7600896860986546,0.03077791896089227,0.48348166914598156
2024-01-04,0.7780269058295962,0.032048566991387833,0.48027294466473425
2024-01-05,0.7914798206278024,0.021036284060426375,0.46859054746322837
2024-01-08,0.7825112107623317,0.01722433996893971,0.46231018008458413
2024-01-09,0.7847533632286993,0.012706480304955525,0.4829181115234835
2024-01-10,0.7892376681614348,0.011718198503458982,0.4878022775851294
2024-01-11,0.7757847533632285,0.008188620640971339,0.49418926397343643
2024-01-12,0.7713004484304931,0.011859381617958492,0.4763838893599299
2024-01-16,0.795964125560538,0.02795425667090215,0.5281905738641264
2024-01-17,0.802690582959641,0.0413666525483552,0.5515959850327219
2024-01-18,0.8116591928251118,0.032048566991387833,0.5441986566004777
2024-01-19,0.8139013452914797,0.02033036848792885,0.5319171621065877
2024-01-22,0.8049327354260088,0.018777354228434268,0.5305971172250619
2024-01-23,0.8116591928251118,0.009741634900465923,0.5537334423216542
2024-01-24,0.8206278026905827,0.018071438655936745,0.5237379609368258
2024-01-25,0.8116591928251118,0.02244811520542142,0.540664997994547
2024-01-26,0.8139013452914797,0.01976563602993081,0.5304854211197023
2024-01-29,0.7982062780269057,0.024565861922914017,0.541771804856749
2024-01-30,0.7937219730941701,0.02047155160242836,0.5293532287790086
2024-01-31,0.7780269058295962,0.035154595510376946,0.5206460096566357
2024-02-01,0.7511210762331837,0.02851898912890019,0.516102009006767
2024-02-02,0.7869955156950671,0.02809543978540166,0.5445642074907466
2024-02-05,0.818385650224215,0.02555414372441056,0.5668678888928369
2024-02-06,0.8004484304932733,0.01694197373994072,0.5475241542827831
2024-02-07,0.8004484304932733,0.013694762106452069,0.5449703751466011
2024-02-08,0.8139013452914797,0.013130029648454028,0.553642054599087
2024-02-09,0.818385650224215,0.015106593251447115,0.5517381437122699
2024-02-12,0.818385650224215,0.029224904701397714,0.5466001228657156
2024-02-13,0.8497757847533629,0.05633206268530283,0.5756360331635886
2024-02-14,0.840807174887892,0.035578144853875476,0.5698126043977796
2024-02-15,0.8340807174887891,0.030354369617393767,0.5604504399303423
2024-02-16,0.8475336322869953,0.03360158125088239,0.5574904931383049
2024-02-20,0.840807174887892,0.05026118876182409,0.5513218218650202
2024-02-21,0.8520179372197308,0.049131723845828035,0.552078309124048
2024-02-22,0.8542600896860985,0.037837074685867556,0.5554850403375244
2024-02-23,0.8385650224215244,0.026683608640406614,0.5524489371100154
2024-02-26,0.84304932735426,0.026542425525907104,0.5534948188238396
2024-02-27,0.8497757847533629,0.022165748976422428,0.5489254326954809
2024-02-28,0.840807174887892,0.02795425667090215,0.5569929377598832
2024-02-29,0.8363228699551567,0.021742199632923898,0.5595264085132738
2024-03-01,0.8228699551569506,0.017647889312438214,0.5511796631854713
2024-03-04,0.8295964125560535,0.02301284766341946,0.5446454410219177
2024-03-05,0.8094170403587442,0.03670760976987153,0.5452597696013965
2024-03-06,0.8049327354260088,0.03727234222786954,0.5244741398130612
2024-03-07,0.8004484304932733,0.03642524354087251,0.5105781288871505
2024-03-08,0.8004484304932733,0.0406607369758577,0.49975376085863754
2024-03-11,0.802690582959641,0.04743752647183397,0.5027644786076575
2024-03-12,0.8161434977578473,0.02795425667090215,0.5091768504744545
2024-03-13,0.8228699551569506,0.026683608640406614,0.4993526702984825
2024-03-14,0.8452914798206276,0.0358605110828745,0.5132588354157885
2024-03-15,0.8497757847533629,0.03600169419737401,0.521443113681249
2024-03-18,0.8565022421524662,0.03487222928137795,0.5300132512197715
2024-03-19,0.8475336322869953,0.027671890441903157,0.5479810928956192
2024-03-20,0.840807174887892,0.01665960751094167,0.5478846280773544
2024-03-21,0.840807174887892,0.014965410136947632,0.5416753400384833
2024-03-22,0.8295964125560535,0.01694197373994072,0.5610952310840105
2024-03-25,0.8363228699551567,0.018777354228434268,0.5532206556561379
2024-03-26,0.8340807174887891,0.01948326980093182,0.555606890634281
2024-03-27,0.8251121076233182,0.012988846533954518,0.5527383315648109
2024-03-28,0.8251121076233182,0.016236058167443168,0.5550230246289907
2024-04-01,0.8542600896860985,0.02527177749541154,0.5772911663611948
2024-04-02,0.8609865470852016,0.0388253564873641,0.5671217436777463
2024-04-03,0.8609865470852016,0.03487222928137795,0.553149576316363
2024-04-04,0.8497757847533629,0.06339121841027814,0.5405431476977904
2024-04-05,0.8677130044843047,0.05887335874629396,0.5508242664865985
2024-04-08,0.8744394618834078,0.04701397712833544,0.539735889481781
2024-04-09,0.8609865470852016,0.044049131723845836,0.5383549194518764
2024-04-10,0.9035874439461881,0.05562614711280531,0.5810685255606378
2024-04-11,0.9058295964125557,0.04306084992234929,0.5831095180313053
2024-04-12,0.8923766816143496,0.07694479740223067,0.6162934155145887
2024-04-15,0.9215246636771298,0.10405195538613585,0.6232287282382982
2024-04-16,0.9304932735426007,0.09233375688267684,0.6577529789859007
2024-04-17,0.9125560538116589,0.08965127770718626,0.6527672710102905
2024-04-18,0.9237668161434974,0.0866864323026966,0.6514015322674815
2024-04-19,0.9192825112107622,0.09671043343216154,0.6563669318602976
2024-04-22,0.9192825112107622,0.071721022165749,0.6540923929875149
2024-04-23,0.9170403587443944,0.05407313285331075,0.6376832196910076
2024-04-24,0.9260089686098653,0.058026260059296925,0.6459030376263559
2024-04-25,0.9372197309417037,0.04955527318932654,0.643455877499834
2024-04-26,0.9304932735426007,0.04475504729634336,0.6489797576194505
2024-04-29,0.9215246636771298,0.03967245517436113,0.6290267715256155
2024-04-30,0.9349775784753361,0.05350840039531274,0.6512238339180447
2024-05-01,0.9215246636771298,0.049837639418325586,0.6528992754984433
2024-05-02,0.9103139013452913,0.03981363828886064,0.6238125942435886
2024-05-03,0.8923766816143496,0.02301284766341946,0.6086270010103414
2024-05-06,0.890134529147982,0.02301284766341946,0.5957971801810489
2024-05-07,0.8856502242152463,0.019342086686432308,0.6062509202235944
2024-05-08,0.8878923766816141,0.016094875052943658,0.611196011433619
2024-05-09,0.8811659192825111,0.011718198503458982,0.6099775084660566
2024-05-10,0.8923766816143496,0.009741634900465923,0.6027477241918522
2024-05-13,0.8878923766816141,0.024565861922914017,0.6036108304605428
2024-05-14,0.8811659192825111,0.022024565861922918,0.5986657392505181
2024-05-15,0.8609865470852016,0.008329803755470822,0.5701172301396706
2024-05-16,0.8654708520179369,0.007906254411972319,0.5636083934546079
2024-05-17,0.8744394618834078,0.0018353804884935765,0.5645781187329595
2024-05-20,0.8789237668161434,0.0040943103204856834,0.5645628874458648
2024-05-21,0.8721973094170402,0.0,0.572112528749054
2024-05-22,0.8766816143497755,0.006070873923478742,0.580489736651046
2024-05-23,0.8856502242152463,0.012847663419455035,0.590537309037737
2024-05-24,0.8834080717488787,0.0009882818014965433,0.5840487807354675
2024-05-28,0.9013452914798205,0.014965410136947632,0.5747424643207095
2024-05-29,0.9170403587443944,0.0341663137088804,0.6110589298497686
2024-05-30,0.9035874439461881,0.03684879288437104,0.601031665845869
2024-05-31,0.8946188340807172,0.014965410136947632,0.6075557338180264
2024-06-03,0.8721973094170402,0.017647889312438214,0.6192889019765122
2024-06-04,0.8542600896860985,0.018353804884935765,0.6373582855663242
2024-06-05,0.8452914798206276,0.010871099816461949,0.6287221457837253
2024-06-06,0.84304932735426,0.010165184243964426,0.6206089468580389
2024-06-07,0.8766816143497755,0.005082592121982227,0.6779344343861533
2024-06-10,0.8856502242152463,0.012424114075956505,0.695831196722227
2024-06-11,0.8677130044843047,0.013977128335451061,0.7020150992826055
2024-06-12,0.8497757847533629,0.0025412960609910995,0.6916629011540234
2024-06-13,0.8340807174887891,0.0011294649159960257,0.7011875326838028
2024-06-14,0.8251121076233182,0.01129464915996048,0.7086407091687263
2024-06-17,0.84304932735426,0.012565297190456015,0.7120525174779013
2024-06-18,0.8295964125560535,0.0062120570379782525,0.6988926854282269
2024-06-20,0.8363228699551567,0.02004800225892983,0.7096815137868528
2024-06-21,0.8363228699551567,0.018918537342933778,0.7060615445540526
2024-06-24,0.8363228699551567,0.020753917831427354,0.6864233383935048
2024-06-25,0.8318385650224214,0.013835945220951579,0.6976995679391562
2024-06-26,0.8520179372197308,0.009741634900465923,0.7134182562207103
2024-06-27,0.8452914798206276,0.005364958350981219,0.7170229941664168
2024-06-28,0.8609865470852016,0.008188620640971339,0.7107578580748664
2024-07-01,0.8878923766816141,0.005082592121982227,0.7237095292009155
2024-07-02,0.8766816143497755,0.0024001129464915893,0.7153678609688114
2024-07-03,0.8609865470852016,0.0032472116334886225,0.6900636160090974
2024-07-05,0.84304932735426,0.00875335309896938,0.6753197301015916
2024-07-08,0.84304932735426,0.007200338839474796,0.6695724577712561
2024-07-09,0.8475336322869953,0.009176902442467882,0.6721059285246458
2024-07-10,0.84304932735426,0.013977128335451061,0.6616928052476858
2024-07-11,0.8251121076233182,0.014965410136947632,0.640160842391718
2024-07-12,0.8206278026905827,0.00847098686997036,0.6240461406457039
2024-07-15,0.8318385650224214,0.017789072426937724,0.6340277107883203
2024-07-16,0.818385650224215,0.018777354228434268,0.6389271081370609
2024-07-17,0.8161434977578473,0.03698997599887055,0.6282448987880969
2024-07-18,0.8251121076233182,0.057461527601298884,0.6415875062829048
2024-07-19,0.8363228699551567,0.06579133135676973,0.6592811847910518
2024-07-22,0.8385650224215244,0.04306084992234929,0.6628453059711719
2024-07-23,0.8363228699551567,0.04037837074685868,0.6707706523560262
2024-07-24,0.84304932735426,0.08725116476069464,0.6783253707549131
2024-07-25,0.840807174887892,0.0931808555696739,0.6760762173606212
2024-07-26,0.8251121076233182,0.06395595086827616,0.6837984799175469
2024-07-29,0.818385650224215,0.06692079627276579,0.7068992653442514
2024-07-30,0.8139013452914797,0.08230975575321195,0.7137431903453937
2024-07-31,0.8004484304932733,0.06353240152477763,0.6805542157664126
2024-08-01,0.7780269058295962,0.09501623605816742,0.692373694551768
2024-08-02,0.7354260089686097,0.1627841310179303,0.6701258612023571
2024-08-05,0.7309417040358742,0.3771000988281802,0.6739336829759894
2024-08-06,0.7578475336322867,0.2237752364817168,0.6783761417118948
2024-08-07,0.7713004484304931,0.22575180008470988,0.674984641785513
2024-08-08,0.7780269058295962,0.16843145559791048,0.6690698252971368
2024-08-09,0.7668161434977576,0.1201468304390795,0.6436995780933472
2024-08-12,0.7578475336322867,0.12494705633206268,0.658819169082518
2024-08-13,0.7466367713004483,0.08838062967669066,0.6480404949152883
2024-08-14,0.7421524663677128,0.061132288578286065,0.6187862695023929
2024-08-15,0.7623318385650222,0.04757870958633348,0.6275899534430316
2024-08-16,0.7556053811659191,0.041507835662854736,0.6182125576884996
2024-08-19,0.748878923766816,0.03939008894536214,0.5919030477805469
2024-08-20,0.7399103139013451,0.05675561202880136,0.5863943989480251
2024-08-21,0.7331838565022419,0.06226175349428209,0.5901006788076941
2024-08-22,0.748878923766816,0.08033319215021884,0.6153033818534439
2024-08-23,0.7376681614349774,0.05647324579980234,0.5703913933073723
2024-08-26,0.7399103139013451,0.060567556120287996,0.5813223803455463
2024-08-27,0.7421524663677128,0.0504023718763236,0.5896488172905565
2024-08-28,0.7443946188340805,0.07412113511224058,0.5910094789376688
2024-08-29,0.7511210762331837,0.05350840039531274,0.6068500175159803
2024-08-30,0.7600896860986546,0.04433149795284483,0.6112975533475824
2024-09-03,0.7443946188340805,0.1250882394465622,0.6339921711184333
2024-09-04,0.7286995515695065,0.13355922631653258,0.6207003345806061
2024-09-05,0.7197309417040357,0.1135112240576027,0.6172123698359586
2024-09-06,0.717488789237668,0.14852463645348016,0.6192330539238329
2024-09-09,0.7130044843049326,0.10715798390512496,0.6307225214888073
2024-09-10,0.701793721973094,0.1019342086686432,0.6452328609941969
2024-09-11,0.701793721973094,0.08230975575321195,0.6337637018120148
2024-09-12,0.7085201793721971,0.07355640265424257,0.6176845397358885
2024-09-13,0.7040358744394617,0.06635606381476775,0.5785299777115496
2024-09-16,0.6973094170403585,0.07454468445573911,0.5711986515233818
2024-09-17,0.701793721973094,0.08118029083721587,0.5764788310494859
2024-09-18,0.7130044843049326,0.08993364393618522,0.5743007569949681
2024-09-19,0.7197309417040357,0.0631088521812791,0.5614963216441655
2024-09-20,0.7197309417040357,0.060567556120287996,0.5660657077725251
2024-09-23,0.7242152466367712,0.05689679514330087,0.567065895625066
2024-09-24,0.7219730941704035,0.049837639418325586,0.5518244543391395
2024-09-25,0.7331838565022419,0.05012000564732458,0.5670557414336699
2024-09-26,0.7331838565022419,0.04955527318932654,0.5488086594944219
2024-09-27,0.7242152466367712,0.07200338839474801,0.5502607088641005
2024-09-30,0.7376681614349774,0.06875617676125936,0.5590847011875324
2024-10-01,0.7219730941704035,0.10447550472963438,0.5786518280083053
2024-10-02,0.7331838565022419,0.09939291260765212,0.573584886501525
2024-10-03,0.7466367713004483,0.12184102781307352,0.6005696501373352
2024-10-04,0.7757847533632285,0.10376958915713683,0.6059716799601951
2024-10-07,0.7869955156950671,0.1521953974304673,0.6161867965049268
2024-10-08,0.7892376681614348,0.13497105746152763,0.6292146240664485
2024-10-09,0.7937219730941701,0.12706480304955528,0.6406990145357243
2024-10-10,0.8004484304932733,0.1280530848510518,0.6511476774825731
2024-10-11,0.7982062780269057,0.12141747846957504,0.64527855485548
2024-10-14,0.7982062780269057,0.1106875617676126,0.64527855485548
2024-10-15,0.7869955156950671,0.12395877453056617,0.672974111889034
2024-10-16,0.7847533632286993,0.10899336439361848,0.6926529348151682
2024-10-17,0.8004484304932733,0.10235775801214173,0.7020963328137766
2024-10-18,0.7982062780269057,0.08710998164619513,0.6921706107238412
2024-10-21,0.8228699551569506,0.0919102075391783,0.7200590973939267
2024-10-22,0.8251121076233182,0.08951009459268669,0.7169722232094351
2024-10-23,0.8340807174887891,0.1041931385006353,0.7311119347288573
2024-10-24,0.8273542600896859,0.1019342086686432,0.722221940161349
2024-10-25,0.8363228699551567,0.11958209798108146,0.7272381107111485
2024-10-28,0.84304932735426,0.11209939291260765,0.7372247579494617
2024-10-29,0.84304932735426,0.1056049696456304,0.7401034712103289
2024-10-30,0.8452914798206276,0.11986446421008048,0.7375243065956543
2024-10-31,0.84304932735426,0.15953691938444162,0.7365241187431133
2024-11-01,0.8632286995515693,0.14146548072850487,0.737316145672029
2024-11-04,0.8497757847533629,0.14287731187349992,0.7259688367866044
2024-11-05,0.8385650224215244,0.12184102781307352,0.724115696856769
2024-11-06,0.8744394618834078,0.06226175349428209,0.7825429141513887
2024-11-07,0.8497757847533629,0.04715516024283495,0.7360824114173727
2024-11-08,0.8475336322869953,0.043484399265847795,0.776221930007158
2024-11-11,0.8475336322869953,0.043907948609346326,0.776221930007158
2024-11-12,0.8766816143497755,0.04023718763235917,0.836151967628437
2024-11-13,0.8789237668161434,0.03049555273189325,0.8448896493249993
2024-11-14,0.8766816143497755,0.03458986305237893,0.8475906642364297
2024-11-15,0.8766816143497755,0.060426373005788514,0.8419957047770383
2024-11-18,0.8744394618834078,0.052520118593816195,0.828363702827434
2024-11-19,0.8677130044843047,0.06339121841027814,0.8183364388235352
2024-11-20,0.8721973094170402,0.0748270506847381,0.8420058589684354
2024-11-21,0.8766816143497755,0.07073274036425245,0.8523631341927151
2024-11-22,0.8721973094170402,0.04771989270083299,0.8707422206201159
2024-11-25,0.840807174887892,0.03868417337286459,0.8475246619923533
2024-11-26,0.8475336322869953,0.0316250176478893,0.8694831008869679
2024-11-27,0.8363228699551567,0.0316250176478893,0.8398633245838045
2024-11-29,0.8206278026905827,0.023295213892418454,0.8272365875824388
2024-12-02,0.8228699551569506,0.020895100945926864,0.8545767479171209
2024-12-03,0.8318385650224214,0.02033036848792885,0.8468798708386851
2024-12-04,0.8228699551569506,0.02244811520542142,0.8365885978584799
2024-12-05,0.818385650224215,0.023718763235916984,0.8197427943319298
2024-12-06,0.8139013452914797,0.012847663419455035,0.8331107873052295
2024-12-09,0.8251121076233182,0.03289566567838487,0.828658174377928
2024-12-10,0.8295964125560535,0.032754482563885357,0.8463772383645658
2024-12-11,0.8385650224215244,0.024283495693914997,0.841635230982468
2024-12-12,0.8520179372197308,0.029083721586898204,0.8471641881977829
2024-12-13,0.8699551569506725,0.027530707327403647,0.8650863360123466
2024-12-16,0.8677130044843047,0.03995482140336015,0.8633905860491558
2024-12-17,0.8699551569506725,0.05661442891430185,0.8752202190259082
2024-12-18,0.8923766816143496,0.22250458845122126,0.8821809172281085
2024-12-19,0.9080717488789237,0.17266694903289567,0.9312358158638929
2024-12-20,0.8968609865470848,0.0917690244246788,0.8947467290810955
2024-12-23,0.9125560538116589,0.06946209233375691,0.9147758716104031
2024-12-24,0.9125560538116589,0.03402513059438089,0.9162736148413657
2024-12-26,0.9103139013452913,0.04051955386135819,0.9164157735209146
2024-12-27,0.9192825112107622,0.05774389383029788,0.9229804582586576
2024-12-30,0.9035874439461881,0.07821544543272624,0.9407604473936733
2024-12-31,0.9103139013452913,0.07750952986022874,0.963130131039839
2025-01-02,0.9080717488789237,0.08569815050120008,0.9721978239567823
2025-01-03,0.9147982062780265,0.060285189891288976,0.9724770642201825
2025-01-06,0.9192825112107622,0.05901454186079344,0.9275803069612056
2025-01-07,0.9304932735426007,0.08414513624170553,0.9311139655671372
2025-01-08,0.9304932735426007,0.0824509388677114,0.9537781207637979
2025-01-10,0.9529147982062777,0.1084286319356205,0.9917294111076691
2025-01-13,0.9573991031390133,0.1034872229281378,1.0
2025-01-14,0.9551569506726455,0.09671043343216154,0.9678619842305398
2025-01-15,0.9282511210762331,0.06014400677678952,0.9592055360651486
2025-01-16,0.9170403587443944,0.06692079627276579,0.97025837340008
2025-01-17,0.9170403587443944,0.058026260059296925,0.9727309190050919
2025-01-21,0.9080717488789237,0.04517859663984189,0.9185532308098479
2025-01-22,0.9147982062780265,0.0457433290978399,0.915141422500672
2025-01-23,0.9260089686098653,0.04461386418184385,0.9095972339982641
2025-01-24,0.9215246636771298,0.04221375123535226,0.8715037849748422
2025-01-27,0.8991031390134528,0.0852746011577015,0.902083132364961
2025-01-28,0.9035874439461881,0.06423831709727518,0.9114960677893817
2025-01-29,0.9035874439461881,0.06635606381476775,0.9146134045480618
2025-01-30,0.8968609865470848,0.05619087957080332,0.9026009961261758
2025-01-31,0.9103139013452913,0.06452068332627417,0.9215284088889781
2025-02-03,0.9013452914798205,0.095439785401666,0.9526459284231041
2025-02-04,0.8968609865470848,0.07553296625723566,0.9027786944756109
2025-02-05,0.8766816143497755,0.05520259776930678,0.8963409371303239
2025-02-06,0.8811659192825111,0.05139065367782014,0.9076780918243523
2025-02-07,0.890134529147982,0.06607369758576873,0.9187766230205661
2025-02-10,0.8946188340807172,0.05576733022730482,0.9292912882114903
2025-02-11,0.9013452914798205,0.05873217563179442,0.9195178789925
2025-02-12,0.9192825112107622,0.05689679514330087,0.914598173260968
2025-02-13,0.8968609865470848,0.0457433290978399,0.8917512426191712
2025-02-14,0.8856502242152463,0.041084286319356206,0.8546072104913103
2025-02-18,0.9035874439461881,0.049272906960327545,0.8622482395170668
2025-02-19,0.8991031390134528,0.04814344204433149,0.8835568101623137
2025-02-20,0.8923766816143496,0.05364958350981222,0.8523326716185267
2025-02-21,0.8744394618834078,0.08965127770718626,0.8534902494377112
2025-02-24,0.8699551569506725,0.1005223775236482,0.8534902494377112
2025-02-25,0.8475336322869953,0.10687561767612594,0.8534902494377112
2025-02-26,0.8363228699551567,0.10221657489764227,0.8534902494377112
2025-02-27,0.8452914798206276,0.13087674714104194,0.8534902494377112
2025-02-28,0.8452914798206276,0.10969927996611603,0.8534902494377112
