Date,Open,High,Low,Close,Volume
2020-01-02 12:30:00,20139.6484375,20618.271484375,19805.79296875,20139.6484375,32628
2020-01-03 12:30:00,20176.0859375,20176.0859375,19815.640625,20176.0859375,36082
2020-01-06 12:30:00,20682.28515625,20682.28515625,19893.44140625,20682.28515625,78174
2020-01-07 12:30:00,21183.560546875,21314.54296875,20681.30078125,21183.560546875,41707
2020-01-08 12:30:00,21054.548828125,21265.30078125,20681.30078125,21054.548828125,102882
2020-01-09 12:30:00,20681.30078125,21272.1953125,20445.927734375,20681.30078125,44218
2020-01-10 12:30:00,21291.892578125,21370.677734375,20671.453125,21291.892578125,14384
2020-01-13 12:30:00,22844.958984375,23072.453125,21291.892578125,22844.958984375,22500
2020-01-14 12:30:00,23683.044921875,23910.5390625,22858.74609375,23683.044921875,43520
2020-01-15 12:30:00,23369.87109375,23822.888671875,23329.4921875,23369.87109375,105994
2020-01-16 12:30:00,24000.158203125,24079.927734375,23438.80859375,24000.158203125,31050
2020-01-17 12:30:00,23422.06640625,24128.185546875,23348.205078125,23422.06640625,14673
2020-01-20 12:30:00,23143.361328125,23422.06640625,22754.35546875,23143.361328125,20870
2020-01-21 12:30:00,22647.009765625,22995.63671875,22562.314453125,22647.009765625,52471
2020-01-22 12:30:00,22074.826171875,23151.240234375,21961.572265625,22074.826171875,10573
2020-01-23 12:30:00,22847.9140625,22847.9140625,21715.365234375,22847.9140625,21206
2020-01-24 12:30:00,22209.748046875,23044.87890625,22208.763671875,22209.748046875,15548
2020-01-27 12:30:00,21781.349609375,22847.9140625,21279.08984375,21781.349609375,11331
2020-01-28 12:30:00,21981.26953125,22409.66796875,21420.904296875,21981.26953125,18019
2020-01-29 12:30:00,22109.294921875,22247.171875,22010.8125,22109.294921875,4044
2020-01-30 12:30:00,22257.01953125,22602.693359375,21764.607421875,22257.01953125,17447
2020-01-31 12:30:00,21961.572265625,22286.564453125,21950.73828125,21961.572265625,38011
2020-02-03 12:30:00,22063.009765625,22158.537109375,21924.1484375,22063.009765625,33371
2020-02-04 12:30:00,24028.716796875,24373.40625,22262.927734375,24028.716796875,122733
2020-02-05 12:30:00,23095.103515625,24030.6875,22946.396484375,23095.103515625,55318
2020-02-06 12:30:00,23733.26953125,23793.34375,23094.119140625,23733.26953125,68328
2020-02-07 12:30:00,22945.412109375,23631.833984375,22707.083984375,22945.412109375,24075
2020-02-10 12:30:00,22862.685546875,23733.26953125,22769.126953125,22862.685546875,58168
2020-02-11 12:30:00,23438.80859375,23488.048828125,22769.126953125,23438.80859375,44360
2020-02-12 12:30:00,24129.169921875,24197.123046875,23507.74609375,24129.169921875,12891
2020-02-13 12:30:00,24167.578125,24187.2734375,23665.318359375,24167.578125,108027
2020-02-14 12:30:00,23901.67578125,24571.35546875,23901.67578125,23901.67578125,2846
2020-02-17 12:30:00,24177.42578125,24177.42578125,23734.255859375,24177.42578125,14749
2020-02-18 12:30:00,23330.4765625,24225.681640625,23270.40234375,23330.4765625,13104
2020-02-19 12:30:00,23891.826171875,24069.095703125,23635.7734375,23891.826171875,34975
2020-02-20 12:30:00,25595.572265625,26294.796875,24034.626953125,25595.572265625,30653
2020-02-21 12:30:00,25064.751953125,25802.384765625,24814.607421875,25064.751953125,59423
2020-02-24 12:30:00,24030.6875,25987.53125,23399.4140625,24030.6875,9676
2020-02-25 12:30:00,23714.55859375,24403.935546875,23714.55859375,23714.55859375,33842
2020-02-26 12:30:00,22899.125,23832.73828125,22899.125,22899.125,49119
2020-02-27 12:30:00,22258.00390625,23052.7578125,21757.712890625,22258.00390625,58388
2020-02-28 12:30:00,21130.380859375,22382.091796875,21130.380859375,21130.380859375,184718
2020-03-02 12:30:00,22650.94921875,23143.361328125,21485.90234375,22650.94921875,94676
2020-03-03 12:30:00,22847.9140625,23635.7734375,21665.140625,22847.9140625,1015
2020-03-04 12:30:00,23689.9375,24029.703125,22753.37109375,23689.9375,66359
2020-03-05 12:30:00,23340.326171875,23675.166015625,23045.86328125,23340.326171875,58574
2020-03-06 12:30:00,22160.505859375,22946.396484375,22158.537109375,22160.505859375,59758
2020-03-09 12:30:00,20426.232421875,23268.43359375,20384.869140625,20426.232421875,56824
2020-03-10 12:30:00,20700.998046875,21369.693359375,20681.30078125,20700.998046875,38525
2020-03-11 12:30:00,19698.447265625,21321.4375,19698.447265625,19698.447265625,33398
2020-03-12 12:30:00,18514.689453125,20683.271484375,17431.3828125,18514.689453125,50145
2020-03-13 12:30:00,18416.20703125,19991.923828125,17736.677734375,18416.20703125,62769
2020-03-16 12:30:00,15471.5830078125,19203.080078125,15471.5830078125,15471.5830078125,67651
2020-03-17 12:30:00,15973.8427734375,17234.41796875,15412.4931640625,15973.8427734375,67732
2020-03-18 12:30:00,13787.5341796875,18624.00390625,13787.5341796875,13787.5341796875,25470
2020-03-19 12:30:00,14635.4677734375,15493.2490234375,13689.0517578125,14635.4677734375,23617
2020-03-20 12:30:00,13787.5341796875,15807.408203125,13787.5341796875,13787.5341796875,400168
2020-03-23 12:30:00,13690.0361328125,18624.00390625,13393.6044921875,13690.0361328125,23725
2020-03-24 12:30:00,15510.9755859375,16259.4423828125,14284.8701171875,15510.9755859375,60364
2020-03-25 12:30:00,17835.16015625,18318.708984375,15856.6494140625,17835.16015625,171570
2020-03-26 12:30:00,18219.2421875,18622.03515625,17283.658203125,18219.2421875,54486
2020-03-27 12:30:00,17239.341796875,18288.1796875,16939.955078125,17239.341796875,33603
2020-03-30 12:30:00,18613.171875,18907.6328125,17244.265625,18613.171875,57003
2020-03-31 12:30:00,19243.458984375,19429.58984375,18613.171875,19243.458984375,165402
2020-04-01 12:30:00,18096.138671875,18901.724609375,17825.3125,18096.138671875,65624
2020-04-02 12:30:00,18613.171875,19149.900390625,18335.451171875,18613.171875,44130
2020-04-03 12:30:00,18330.52734375,19008.0859375,18099.09375,18330.52734375,30395
2020-04-06 13:30:00,18465.447265625,19076.0390625,18366.96484375,18465.447265625,66475
2020-04-07 13:30:00,18573.77734375,19154.82421875,18279.31640625,18573.77734375,39890
2020-04-08 13:30:00,18911.572265625,18911.572265625,18219.2421875,18911.572265625,45298
2020-04-09 13:30:00,19006.115234375,19450.271484375,18662.412109375,19006.115234375,11604
2020-04-13 13:30:00,18906.6484375,19056.341796875,17628.34765625,18906.6484375,20672
2020-04-14 13:30:00,19302.546875,19450.271484375,18797.333984375,19302.546875,15907
2020-04-15 13:30:00,18711.654296875,19164.671875,18514.689453125,18711.654296875,32383
2020-04-16 13:30:00,18123.712890625,19371.486328125,18123.712890625,18123.712890625,54137
2020-04-17 13:30:00,18677.185546875,19154.82421875,18366.96484375,18677.185546875,15666
2020-04-20 13:30:00,18366.96484375,18908.619140625,18219.2421875,18366.96484375,33098
2020-04-21 13:30:00,17716.98046875,18593.474609375,17531.833984375,17716.98046875,13682
2020-04-22 13:30:00,18504.83984375,18613.171875,17812.509765625,18504.83984375,21265
2020-04-23 13:30:00,18363.025390625,18888.921875,18032.125,18363.025390625,22630
2020-04-24 13:30:00,17923.794921875,18366.96484375,17923.794921875,17923.794921875,20343
2020-04-27 13:30:00,18573.77734375,18809.150390625,17923.794921875,18573.77734375,20867
2020-04-28 13:30:00,19401.029296875,19588.146484375,18701.8046875,19401.029296875,97221
2020-04-29 13:30:00,19302.546875,20139.6484375,19302.546875,19302.546875,9926
2020-04-30 13:30:00,19548.75390625,19548.75390625,18642.71484375,19548.75390625,53667
2020-05-04 13:30:00,18238.9375,19348.833984375,17529.865234375,18238.9375,45175
2020-05-05 13:30:00,18329.541015625,19090.810546875,18216.287109375,18329.541015625,17391
2020-05-06 13:30:00,18258.634765625,18593.474609375,18220.2265625,18258.634765625,28753
2020-05-07 13:30:00,18632.8671875,18957.859375,18465.447265625,18632.8671875,74699
2020-05-08 13:30:00,18238.9375,19115.431640625,18238.9375,18238.9375,49313
2020-05-11 13:30:00,18800.287109375,18853.46875,18268.482421875,18800.287109375,13697
2020-05-12 13:30:00,18219.2421875,18921.421875,18150.3046875,18219.2421875,78736
2020-05-13 13:30:00,17723.875,18224.166015625,17176.3125,17723.875,41749
2020-05-14 13:30:00,18022.27734375,18138.486328125,16849.3515625,18022.27734375,27706
2020-05-15 13:30:00,17972.05078125,18170.0,17822.357421875,17972.05078125,16869
2020-05-18 13:30:00,18835.7421875,19007.099609375,18331.51171875,18835.7421875,42388
2020-05-19 13:30:00,19007.099609375,19155.80859375,18591.505859375,19007.099609375,62950
2020-05-20 13:30:00,18662.412109375,19071.11328125,18514.689453125,18662.412109375,28684
2020-05-22 13:30:00,18357.1171875,18859.376953125,18283.255859375,18357.1171875,30176
2020-05-25 13:30:00,18760.89453125,18809.150390625,18514.689453125,18760.89453125,6669
2020-05-26 13:30:00,19415.802734375,19616.70703125,18859.376953125,19415.802734375,55021
2020-05-27 13:30:00,20286.38671875,20582.818359375,19860.943359375,20286.38671875,32397
2020-05-28 13:30:00,19991.923828125,20336.61328125,19893.44140625,19991.923828125,34902
2020-05-29 13:30:00,19350.8046875,19991.923828125,19204.064453125,19350.8046875,386218
2020-06-01 13:30:00,19527.087890625,19893.44140625,19105.58203125,19527.087890625,32146
2020-06-02 13:30:00,20129.798828125,20223.357421875,19781.171875,20129.798828125,31766
2020-06-03 13:30:00,20533.578125,20538.501953125,20049.044921875,20533.578125,74104
2020-06-04 13:30:00,20572.970703125,20573.955078125,20011.62109375,20572.970703125,113988
2020-06-05 13:30:00,21439.615234375,21763.623046875,20968.869140625,21439.615234375,40103
2020-06-08 13:30:00,22468.755859375,22601.70703125,21336.208984375,22468.755859375,34147
2020-06-09 13:30:00,22255.048828125,22601.70703125,21620.822265625,22255.048828125,36670
2020-06-10 13:30:00,21768.546875,22378.15234375,21768.546875,21768.546875,61451
2020-06-11 13:30:00,20336.61328125,21359.845703125,20336.61328125,20336.61328125,58053
2020-06-12 13:30:00,20494.185546875,21025.00390625,20166.23828125,20494.185546875,71850
2020-06-15 13:30:00,19745.71875,20646.83203125,19745.71875,19745.71875,44574
2020-06-16 13:30:00,20929.4765625,20986.595703125,20090.40625,20929.4765625,33655
2020-06-17 13:30:00,20907.810546875,21439.615234375,20708.876953125,20907.810546875,31519
2020-06-18 13:30:00,20927.5078125,21321.4375,20710.845703125,20927.5078125,23922
2020-06-19 13:30:00,21468.17578125,22010.8125,20976.748046875,21468.17578125,825900
2020-06-22 13:30:00,21035.837890625,21468.17578125,20779.783203125,21035.837890625,17494
2020-06-23 13:30:00,20930.4609375,21666.125,20878.265625,20930.4609375,16185
2020-06-24 13:30:00,20730.54296875,21468.17578125,20494.185546875,20730.54296875,77204
2020-06-25 13:30:00,20789.630859375,21025.990234375,20336.61328125,20789.630859375,19475
2020-06-26 13:30:00,21045.685546875,21173.712890625,20592.66796875,21045.685546875,46876
2020-06-30 13:30:00,21045.685546875,21469.16015625,21001.369140625,21045.685546875,55802
2020-07-01 13:30:00,21064.3984375,21248.560546875,20808.34375,21064.3984375,22094
2020-07-02 13:30:00,21892.634765625,21913.31640625,21286.96875,21892.634765625,41798
2020-07-03 13:30:00,21863.08984375,22010.8125,21616.884765625,21863.08984375,13475
2020-07-06 13:30:00,22384.0625,22552.466796875,22151.642578125,22384.0625,49968
2020-07-07 13:30:00,21902.482421875,22344.66796875,21864.07421875,21902.482421875,29116
2020-07-08 13:30:00,21785.2890625,22532.76953125,21372.6484375,21785.2890625,10749
2020-07-09 13:30:00,21173.712890625,22092.5546875,21075.23046875,21173.712890625,40568
2020-07-10 13:30:00,21567.642578125,21666.125,21075.23046875,21567.642578125,37977
2020-07-13 13:30:00,21785.2890625,22994.65234375,21785.2890625,22611.556640625,54459
2020-07-14 13:30:00,23418.126953125,23418.126953125,21863.08984375,23418.126953125,17063
2020-07-15 13:30:00,22719.88671875,23931.220703125,22355.501953125,22719.88671875,26227
2020-07-17 13:30:00,23123.6640625,23143.361328125,22634.20703125,23123.6640625,22499
2020-07-20 13:30:00,22892.23046875,23189.6484375,22497.31640625,22892.23046875,30982
2020-07-21 13:30:00,22453.0,23044.87890625,22453.0,22453.0,22542
2020-07-22 13:30:00,23094.119140625,23094.119140625,22453.984375,23094.119140625,43364
2020-07-23 13:30:00,23113.81640625,23432.8984375,22988.744140625,23113.81640625,46498
2020-07-24 13:30:00,23015.333984375,23192.6015625,22463.83203125,23015.333984375,31267
2020-07-27 13:30:00,23468.353515625,23537.291015625,23123.6640625,23468.353515625,8443
2020-07-28 13:30:00,23291.083984375,23527.44140625,23143.361328125,23291.083984375,44605
2020-07-29 13:30:00,23153.208984375,23242.828125,22867.609375,23153.208984375,12060
2020-07-30 13:30:00,22749.431640625,23291.083984375,22335.8046875,22749.431640625,23440
2020-07-31 13:30:00,22700.189453125,22848.8984375,22603.677734375,22700.189453125,43234
2020-08-03 13:30:00,22602.693359375,22946.396484375,22326.94140625,22602.693359375,15279
2020-08-04 13:30:00,23113.81640625,23241.84375,22544.587890625,23113.81640625,25456
2020-08-05 13:30:00,23734.255859375,23917.431640625,23106.921875,23734.255859375,44966
2020-08-06 13:30:00,23941.068359375,24202.046875,23537.291015625,23941.068359375,20841
2020-08-07 13:30:00,24176.44140625,24280.83203125,23941.068359375,24176.44140625,9460
2020-08-10 13:30:00,24894.376953125,24971.193359375,24185.3046875,24894.376953125,8096
2020-08-11 13:30:00,25212.4765625,25408.455078125,24837.2578125,25212.4765625,41580
2020-08-12 13:30:00,25596.556640625,25795.4921875,25211.490234375,25596.556640625,9208
2020-08-13 13:30:00,25004.677734375,25634.96484375,24620.595703125,25004.677734375,15105
2020-08-14 13:30:00,25308.00390625,25385.8046875,25014.525390625,25308.00390625,18686
2020-08-17 13:30:00,25506.9375,25551.255859375,25175.052734375,25506.9375,23736
2020-08-18 13:30:00,25403.53125,25654.662109375,25310.958984375,25403.53125,27980
2020-08-19 13:30:00,24813.623046875,25403.53125,24793.92578125,24813.623046875,14007
2020-08-20 13:30:00,24975.1328125,25359.21484375,24374.390625,24975.1328125,15574
2020-08-21 13:30:00,25014.525390625,25180.9609375,24615.671875,25014.525390625,11212
2020-08-24 13:30:00,25142.552734375,25246.9453125,24980.056640625,25142.552734375,12985
2020-08-25 13:30:00,24915.05859375,25388.759765625,24622.56640625,24915.05859375,40072
2020-08-26 13:30:00,25111.0390625,25225.279296875,24915.05859375,25111.0390625,24112
2020-08-27 13:30:00,24569.38671875,25221.33984375,24522.11328125,24569.38671875,23796
2020-08-28 13:30:00,24616.658203125,24744.68359375,24472.873046875,24616.658203125,25456
2020-08-31 13:30:00,23934.173828125,25012.556640625,23934.173828125,23934.173828125,149991
2020-09-01 13:30:00,25191.794921875,25261.716796875,23734.255859375,25191.794921875,28959
2020-09-02 13:30:00,25656.630859375,25702.91796875,25188.83984375,25656.630859375,26013
2020-09-03 13:30:00,24762.412109375,25900.8671875,24572.33984375,24762.412109375,22983
2020-09-04 13:30:00,24477.796875,25100.205078125,23881.978515625,24477.796875,15868
2020-09-07 12:30:00,24719.078125,25092.328125,24471.888671875,24719.078125,32854
2020-09-08 12:30:00,24325.150390625,24805.744140625,24147.880859375,24325.150390625,17967
2020-09-09 12:30:00,24517.189453125,24817.560546875,24325.150390625,24517.189453125,28948
2020-09-10 12:30:00,23655.46875,24650.140625,23635.7734375,23655.46875,30960
2020-09-11 12:30:00,24315.30078125,24315.30078125,23734.255859375,24315.30078125,26389
2020-09-14 12:30:00,24916.04296875,24916.04296875,24098.640625,24916.04296875,11496
2020-09-15 12:30:00,25605.419921875,25654.662109375,24857.939453125,25605.419921875,23266
2020-09-16 12:30:00,25702.91796875,25801.400390625,25122.857421875,25702.91796875,4980
2020-09-17 12:30:00,25703.90234375,25703.90234375,25011.572265625,25703.90234375,183373
2020-09-21 12:30:00,25230.203125,25703.90234375,24781.123046875,25230.203125,21996
2020-09-22 12:30:00,25054.904296875,25541.40625,24817.560546875,25054.904296875,43198
2020-09-23 12:30:00,22749.431640625,25167.173828125,22240.27734375,22749.431640625,98842
2020-09-24 12:30:00,22755.33984375,23012.37890625,22257.01953125,22755.33984375,29785
2020-09-25 12:30:00,23190.6328125,24423.630859375,22621.404296875,23190.6328125,27883
2020-09-28 12:30:00,24077.958984375,24188.259765625,23291.083984375,24077.958984375,29324
2020-09-29 12:30:00,24119.3203125,24335.982421875,23881.978515625,24119.3203125,36764
2020-09-30 12:30:00,25113.0078125,25113.0078125,24118.3359375,25113.0078125,105056
2020-10-01 12:30:00,24423.630859375,25399.591796875,24325.150390625,24423.630859375,6754
2020-10-02 12:30:00,25307.01953125,25753.14453125,23685.013671875,25307.01953125,2228
2020-10-05 12:30:00,27279.62109375,27476.5859375,25100.205078125,27279.62109375,79243
2020-10-06 12:30:00,26934.93359375,27673.55078125,26402.142578125,26934.93359375,23656
2020-10-07 12:30:00,27062.958984375,27870.515625,26688.7265625,27062.958984375,3793
2020-10-08 12:30:00,27924.681640625,28550.04296875,27083.640625,27924.681640625,25030
2020-10-09 12:30:00,27806.501953125,28412.16796875,27632.1875,27806.501953125,20846
2020-10-13 12:30:00,27169.3203125,28274.29296875,26932.962890625,27169.3203125,12517
2020-10-14 12:30:00,27132.8828125,27319.013671875,26688.7265625,27132.8828125,19838
2020-10-15 12:30:00,27046.21875,27289.46875,26490.77734375,27046.21875,24661
2020-10-16 12:30:00,26745.845703125,27102.353515625,26557.74609375,26745.845703125,24891
2020-10-19 12:30:00,27062.958984375,27260.91015625,26742.892578125,27062.958984375,58206
2020-10-20 12:30:00,27082.65625,27462.798828125,26856.146484375,27082.65625,15349
2020-10-21 12:30:00,28459.439453125,28658.375,26964.4765625,28459.439453125,35051
2020-10-22 12:30:00,28559.892578125,28559.892578125,28018.23828125,28559.892578125,46037
2020-10-23 12:30:00,28264.4453125,28658.375,28075.359375,28264.4453125,46308
2020-10-26 12:30:00,27575.068359375,28894.732421875,27476.5859375,27575.068359375,8983
2020-10-27 12:30:00,28548.07421875,28714.509765625,27673.55078125,28548.07421875,21044
2020-10-28 12:30:00,27328.861328125,28543.150390625,27115.15625,27328.861328125,11493
2020-10-29 12:30:00,28009.375,28543.150390625,27131.896484375,28009.375,19743
2020-10-30 12:30:00,27821.2734375,28130.509765625,27145.685546875,27821.2734375,37153
2020-11-02 12:30:00,28264.4453125,29251.23828125,27876.423828125,28264.4453125,27748
2020-11-03 12:30:00,28131.494140625,29042.455078125,27599.689453125,28131.494140625,20824
2020-11-04 12:30:00,27623.32421875,28167.931640625,26984.173828125,27623.32421875,39680
2020-11-05 12:30:00,30293.181640625,30293.181640625,27624.30859375,30293.181640625,60121
2020-11-06 12:30:00,30789.533203125,31118.46484375,29544.716796875,30789.533203125,33270
2020-11-09 12:30:00,31563.60546875,32105.2578125,30824.986328125,31563.60546875,53259
2020-11-10 12:30:00,31711.328125,31760.5703125,30413.330078125,31711.328125,58542
2020-11-11 12:30:00,31140.130859375,31711.328125,30578.78125,31140.130859375,25361
2020-11-12 12:30:00,31514.36328125,31711.328125,30677.263671875,31514.36328125,53076
2020-11-13 12:30:00,32717.818359375,32717.818359375,31177.5546875,32717.818359375,17665
2020-11-16 12:30:00,33946.87890625,33976.421875,32725.697265625,33946.87890625,89658
2020-11-17 12:30:00,33730.21875,34309.29296875,33316.58984375,33730.21875,51374
2020-11-18 12:30:00,34172.40234375,34468.8359375,33741.05078125,34172.40234375,57124
2020-11-19 12:30:00,33384.54296875,34468.8359375,32105.2578125,33384.54296875,41200
2020-11-20 12:30:00,33927.18359375,33991.1953125,32991.59765625,33927.18359375,18549
2020-11-23 12:30:00,35947.0546875,36241.51953125,33977.40625,35947.0546875,49252
2020-11-24 12:30:00,36541.890625,36576.359375,35995.3125,36541.890625,40888
2020-11-25 12:30:00,36082.9609375,36536.96484375,35846.60546875,36082.9609375,21430
2020-11-26 12:30:00,35942.1328125,36202.125,35552.140625,35942.1328125,9171
2020-11-27 12:30:00,35946.0703125,36389.2421875,35651.609375,35946.0703125,11768
2020-11-30 12:30:00,35356.16015625,36439.46875,35356.16015625,35356.16015625,494145
2020-12-01 12:30:00,34960.26171875,35788.5,33927.18359375,34960.26171875,39331
2020-12-02 12:30:00,34134.98046875,35378.8125,34089.6796875,34134.98046875,47591
2020-12-03 12:30:00,33753.8515625,34275.80859375,33287.046875,33753.8515625,70120
2020-12-04 12:30:00,34616.55859375,34924.80859375,33183.640625,34616.55859375,45050
2020-12-07 12:30:00,34419.59375,34862.765625,33852.3359375,34419.59375,21021
2020-12-09 12:30:00,34065.05859375,35256.6953125,34050.28515625,34065.05859375,40682
2020-12-10 12:30:00,33759.76171875,34616.55859375,33485.98046875,33759.76171875,33160
2020-12-11 12:30:00,33562.796875,33976.421875,32977.8125,33562.796875,34109
2020-12-14 12:30:00,32991.59765625,34074.90625,32904.93359375,32991.59765625,26353
2020-12-15 12:30:00,33440.6796875,33483.02734375,32841.90625,33440.6796875,30126
2020-12-16 12:30:00,33779.45703125,34320.125,33285.078125,33779.45703125,24287
2020-12-17 12:30:00,33730.21875,33877.94140625,33099.9296875,33730.21875,17456
2020-12-18 12:30:00,33927.18359375,34074.90625,33484.01171875,33927.18359375,231722
2020-12-21 12:30:00,33533.25390625,33940.96875,32943.34375,33533.25390625,28711
2020-12-22 12:30:00,35159.1953125,35722.515625,33990.2109375,35159.1953125,31204
2020-12-23 12:30:00,34646.10546875,35890.921875,34528.91015625,34646.10546875,29998
2020-12-24 12:30:00,33186.59375,34648.07421875,31514.36328125,33186.59375,24205
2020-12-28 12:30:00,34458.98828125,34764.28125,32953.19140625,34458.98828125,15231
2020-12-29 12:30:00,34045.359375,34961.24609375,33193.48828125,34045.359375,24351
2020-12-30 12:30:00,34074.90625,34762.3125,33583.48046875,34074.90625,55076
2021-01-04 12:30:00,35811.1484375,36340.984375,34348.6875,35811.1484375,45222
2021-01-05 12:30:00,37717.76953125,37717.76953125,34488.53125,37717.76953125,50180
2021-01-06 12:30:00,40943.06640625,40943.06640625,37915.71875,40943.06640625,47664
2021-01-07 12:30:00,41303.51171875,42839.83984375,40141.421875,41303.51171875,25531
2021-01-08 12:30:00,39983.84765625,42247.95703125,39393.9375,39983.84765625,9492
2021-01-11 12:30:00,40671.2578125,40671.2578125,38802.05859375,40671.2578125,31442
2021-01-12 12:30:00,42592.6484375,42761.05078125,40781.5546875,42592.6484375,13723
2021-01-13 12:30:00,43135.28515625,43568.609375,42445.91015625,43135.28515625,105712
2021-01-14 12:30:00,41607.82421875,43134.30078125,41264.12109375,41607.82421875,59618
2021-01-15 12:30:00,40820.94921875,42347.42578125,40377.77734375,40820.94921875,20263
2021-01-18 12:30:00,41658.05078125,41746.68359375,40377.77734375,41658.05078125,11653
2021-01-19 12:30:00,41560.55078125,42150.4609375,41086.8515625,41560.55078125,25993
2021-01-20 12:30:00,40978.51953125,43470.125,40870.19140625,40978.51953125,32029
2021-01-21 12:30:00,40290.12890625,42506.96875,39784.9140625,40290.12890625,34841
2021-01-22 12:30:00,40269.44921875,41263.13671875,39644.0859375,40269.44921875,7821
2021-01-25 12:30:00,39353.5625,41086.8515625,38902.51171875,39353.5625,53561
2021-01-26 12:30:00,39786.8828125,40525.50390625,39195.00390625,39786.8828125,38131
2021-01-27 12:30:00,38850.31640625,39685.4453125,37423.30859375,38850.31640625,28770
2021-01-28 12:30:00,39097.5078125,39154.62890625,37324.82421875,39097.5078125,26846
2021-01-29 12:30:00,36586.20703125,39392.953125,36586.20703125,36586.20703125,223323
2021-02-01 12:30:00,37551.33203125,38605.09375,36635.44921875,37551.33203125,24316
2021-02-02 12:30:00,38565.703125,39343.71484375,36934.8359375,38565.703125,39880
2021-02-03 12:30:00,37915.71875,38802.05859375,37818.22265625,37915.71875,24359
2021-02-04 12:30:00,37019.52734375,37915.71875,36192.27734375,37019.52734375,16903
2021-02-05 12:30:00,37915.71875,38004.3515625,36930.89453125,37915.71875,65133
2021-02-08 12:30:00,40249.75,40673.2265625,37794.5859375,40249.75,20957
2021-02-09 12:30:00,39195.00390625,40653.52734375,38574.56640625,39195.00390625,44346
2021-02-10 12:30:00,38850.31640625,40249.75,38014.19921875,38850.31640625,15360
2021-02-11 12:30:00,38413.0546875,38900.54296875,37915.71875,38413.0546875,15073
2021-02-12 12:30:00,40377.77734375,40820.94921875,38507.59765625,40377.77734375,11310
2021-02-15 12:30:00,40377.77734375,40736.25390625,40011.42578125,40377.77734375,1200
2021-02-16 12:30:00,40771.70703125,42642.875,40732.31640625,40771.70703125,13492
2021-02-17 12:30:00,38912.359375,40869.20703125,38408.12890625,38912.359375,33076
2021-02-18 12:30:00,37265.734375,38894.6328125,37127.859375,37265.734375,47439
2021-02-19 12:30:00,39230.45703125,39383.10546875,37423.30859375,39230.45703125,20562
2021-02-22 12:30:00,40284.21875,40703.75390625,38407.14453125,40284.21875,27191
2021-02-23 12:30:00,38999.0234375,39639.16015625,37797.5390625,38999.0234375,18538
2021-02-24 12:30:00,39934.609375,39934.609375,39934.609375,39934.609375,15953
2021-02-25 12:30:00,38728.19921875,39983.84765625,38408.12890625,38728.19921875,53227
2021-02-26 12:30:00,38211.1640625,39485.52734375,37728.6015625,38211.1640625,142951
2021-03-01 12:30:00,39390.984375,39786.8828125,38310.6328125,39390.984375,12272
2021-03-02 12:30:00,40475.27734375,40633.83203125,39097.5078125,40475.27734375,40848
2021-03-03 12:30:00,39875.51953125,40555.046875,39651.96484375,39875.51953125,30371
2021-03-04 12:30:00,36930.89453125,39834.15625,36930.89453125,36930.89453125,96998
2021-03-05 12:30:00,36783.171875,37915.71875,35404.41796875,36783.171875,24061
2021-03-08 12:30:00,36771.3515625,37817.23828125,35946.0703125,36771.3515625,98894
2021-03-09 12:30:00,38112.68359375,38209.1953125,36034.70703125,38112.68359375,23467
2021-03-10 12:30:00,39067.9609375,39097.5078125,38222.984375,39067.9609375,39315
2021-03-11 12:30:00,40269.44921875,40673.2265625,38708.50390625,40269.44921875,46833
2021-03-12 12:30:00,40268.46484375,40377.77734375,39393.9375,40268.46484375,18846
2021-03-15 12:30:00,40742.1640625,40997.234375,40267.4765625,40742.1640625,29825
2021-03-16 12:30:00,39481.58984375,41264.12109375,39196.9765625,39481.58984375,13314
2021-03-17 12:30:00,39886.3515625,40081.34765625,39185.15625,39886.3515625,22960
2021-03-18 12:30:00,39096.5234375,40072.484375,38605.09375,39096.5234375,28492
2021-03-19 12:30:00,38851.30078125,38851.30078125,37718.75390625,38851.30078125,301268
2021-03-22 12:30:00,38799.0,39560.0,38356.0,38799.0,15125
2021-03-23 12:30:00,37899.0,38800.0,37700.0,37899.0,15014
2021-03-24 12:30:00,38065.0,38500.0,37599.0,38065.0,54016
2021-03-25 12:30:00,38269.0,38380.0,37100.0,38269.0,33637
2021-03-26 12:30:00,37860.0,39000.0,37582.0,37860.0,8264
2021-03-29 12:30:00,37998.0,38602.0,37626.0,37998.0,38100
2021-03-30 12:30:00,38799.0,38799.0,37401.0,38799.0,66585
2021-03-31 12:30:00,38510.0,39100.0,37942.0,38510.0,188316
2021-04-01 12:30:00,39200.0,39250.0,38101.0,39200.0,46424
2021-04-05 13:30:00,38900.0,39500.0,38810.0,38900.0,3317
2021-04-06 13:30:00,38780.0,39200.0,38530.0,38780.0,52996
2021-04-07 13:30:00,37747.0,39199.0,37411.0,37747.0,107055
2021-04-08 13:30:00,38050.0,38708.0,37400.0,38050.0,45804
2021-04-09 13:30:00,38199.0,38450.0,37653.0,38199.0,28848
2021-04-12 13:30:00,37540.0,38178.0,37451.0,37540.0,30347
2021-04-13 13:30:00,36820.0,38200.0,36500.0,36820.0,59812
2021-04-14 13:30:00,37990.0,37990.0,36499.0,37990.0,30841
2021-04-15 13:30:00,37891.0,38100.0,37283.0,37891.0,86411
2021-04-16 13:30:00,38750.0,38890.0,37698.0,38750.0,32144
2021-04-19 13:30:00,39000.0,39500.0,37978.0,39000.0,81238
2021-04-20 13:30:00,37790.0,39000.0,37200.0,37790.0,120722
2021-04-21 13:30:00,37205.0,39000.0,36550.0,37205.0,107539
2021-04-22 13:30:00,37300.0,38800.0,36560.0,37300.0,93587
2021-04-23 13:30:00,38101.0,38200.0,37300.0,38101.0,105505
2021-04-26 13:30:00,39174.0,39270.0,38101.0,39174.0,55601
2021-04-27 13:30:00,38348.0,39289.0,37904.0,38348.0,25771
2021-04-28 13:30:00,37647.0,38600.0,37500.0,37647.0,71123
2021-04-29 13:30:00,37500.0,38433.0,37012.0,37500.0,23085
2021-04-30 13:30:00,37449.0,37722.0,36965.0,37449.0,183980
2021-05-03 13:30:00,37140.0,37750.0,36628.0,37140.0,42456
2021-05-04 13:30:00,37050.0,37050.0,36296.0,37050.0,32663
2021-05-05 13:30:00,38300.0,38449.0,37199.0,38300.0,44298
2021-05-06 13:30:00,36995.0,38395.0,36325.0,36995.0,55765
2021-05-07 13:30:00,38107.0,38150.0,36700.0,38107.0,33160
2021-05-10 13:30:00,38490.0,39320.0,37796.0,38490.0,17032
2021-05-11 13:30:00,37390.0,39009.0,36750.0,37390.0,34008
2021-05-12 13:30:00,36650.0,37600.0,36581.0,36650.0,31666
2021-05-13 13:30:00,36200.0,37510.0,36160.0,36200.0,38020
2021-05-14 13:30:00,36690.0,36744.0,35900.0,36690.0,92795
2021-05-17 13:30:00,33450.0,37100.0,33001.0,33450.0,40164
2021-05-18 13:30:00,33000.0,34000.0,32000.0,33000.0,33277
2021-05-19 13:30:00,30380.0,33500.0,30000.0,30380.0,53850
2021-05-20 13:30:00,30500.0,31700.0,29126.0,30500.0,124508
2021-05-24 13:30:00,30895.0,32000.0,30090.0,30895.0,16112
2021-05-25 13:30:00,30461.0,31679.0,30358.0,30461.0,49814
2021-05-26 13:30:00,30500.0,30980.0,29800.0,30500.0,75824
2021-05-27 13:30:00,30950.0,31951.0,30750.0,30950.0,314314
2021-05-28 13:30:00,31500.0,31690.0,31001.0,31500.0,27052
2021-05-31 13:30:00,32450.0,32450.0,31403.0,32450.0,8000
2021-06-01 13:30:00,32307.0,32728.0,31850.0,32307.0,16084
2021-06-02 13:30:00,33200.0,33400.0,32000.0,33200.0,36489
2021-06-03 13:30:00,32606.0,33636.0,32200.0,32606.0,19222
2021-06-04 13:30:00,33050.0,33200.0,32080.0,33050.0,12329
2021-06-07 13:30:00,32510.0,33200.0,32171.0,32510.0,39330
2021-06-08 13:30:00,33750.0,33882.0,32307.0,33750.0,21211
2021-06-09 13:30:00,34496.0,34496.0,33298.0,34496.0,60787
2021-06-10 13:30:00,34000.0,34749.0,33872.0,34000.0,56919
2021-06-11 13:30:00,34587.0,34657.0,34010.0,34587.0,60115
2021-06-14 13:30:00,33873.0,34999.0,33873.0,33873.0,54914
2021-06-15 13:30:00,34060.0,34600.0,32851.0,34060.0,30982
2021-06-16 13:30:00,33604.0,34501.0,33000.0,33604.0,50736
2021-06-17 13:30:00,32500.0,34330.0,32235.0,32500.0,63858
2021-06-18 13:30:00,32012.0,33420.0,31800.0,32012.0,1698113
2021-06-22 13:30:00,33574.0,34001.0,32190.0,33574.0,10619
2021-06-23 13:30:00,33927.0,34888.0,32600.0,33927.0,15335
2021-06-24 13:30:00,34380.0,34600.0,33791.0,34380.0,45356
2021-06-25 13:30:00,34606.0,34998.0,34100.0,34606.0,47608
2021-06-29 13:30:00,34620.0,35000.0,34300.0,34620.0,70069
2021-06-30 13:30:00,34600.0,34752.0,34001.0,34600.0,66952
2021-07-01 13:30:00,35120.0,35298.0,33680.0,35120.0,9877
2021-07-02 13:30:00,35250.0,35580.0,35000.0,35250.0,27224
2021-07-05 13:30:00,34900.0,35450.0,34611.0,34900.0,12943
2021-07-06 13:30:00,34048.0,35850.0,34005.0,34048.0,38894
2021-07-07 13:30:00,34090.0,35048.0,33550.0,34090.0,45295
2021-07-08 13:30:00,34400.0,34575.0,33002.0,34400.0,19754
2021-07-09 13:30:00,35950.0,35950.0,34246.0,35950.0,31108
2021-07-12 13:30:00,37700.0,37720.0,35740.0,37700.0,25371
2021-07-13 13:30:00,37686.0,37921.0,36915.0,37686.0,18773
2021-07-14 13:30:00,36694.0,38000.0,36447.0,36694.0,14304
2021-07-15 13:30:00,37350.0,37500.0,36650.0,37350.0,20675
2021-07-19 13:30:00,35950.0,36374.0,34750.0,35950.0,46245
2021-07-20 13:30:00,36372.0,36580.0,35100.0,36372.0,18912
2021-07-21 13:30:00,36750.0,38000.0,36095.0,36750.0,51527
2021-07-22 13:30:00,37800.0,37800.0,36700.0,37800.0,54230
2021-07-23 13:30:00,36048.0,37249.0,35851.0,36048.0,5097
2021-07-26 13:30:00,36162.0,36650.0,35999.0,36162.0,39828
2021-07-27 13:30:00,35900.0,37000.0,34936.0,35900.0,105778
2021-07-28 13:30:00,36323.0,36500.0,35574.0,36323.0,16095
2021-07-29 13:30:00,36989.0,37225.0,36262.0,36989.0,16307
2021-07-30 13:30:00,36250.0,38000.0,35933.0,36250.0,66924
2021-08-02 13:30:00,36475.0,36745.0,35979.0,36475.0,13157
2021-08-03 13:30:00,37402.0,37402.0,35596.0,37402.0,28299
2021-08-04 13:30:00,37498.0,38148.0,36703.0,37498.0,35250
2021-08-05 13:30:00,38510.0,38898.0,37601.0,38510.0,15164
2021-08-06 13:30:00,39489.0,39890.0,38459.0,39489.0,32253
2021-08-09 13:30:00,39900.0,40150.0,39200.0,39900.0,29854
2021-08-10 13:30:00,41800.0,42101.0,39900.0,41800.0,23432
2021-08-11 13:30:00,42382.0,42600.0,40249.0,40896.0,226655
2021-08-12 13:30:00,41102.0,41500.0,39582.0,41102.0,23453
2021-08-13 13:30:00,42001.0,42660.0,40897.0,42001.0,13323
2021-08-16 13:30:00,40375.0,42204.0,40250.0,40375.0,20712
2021-08-17 13:30:00,38850.0,41068.0,38010.0,38850.0,57998
2021-08-18 13:30:00,38490.0,39521.0,38327.0,38490.0,32359
2021-08-19 13:30:00,37700.0,39250.0,37307.0,37700.0,25419
2021-08-20 13:30:00,38949.0,39285.0,37901.0,38949.0,23766
2021-08-23 13:30:00,39803.0,40350.0,39498.0,39803.0,10320
2021-08-24 13:30:00,39550.0,40202.0,39200.0,39550.0,10000
2021-08-25 13:30:00,40885.0,40969.0,39356.0,40885.0,15557
2021-08-26 13:30:00,40105.0,40957.0,39902.0,40105.0,68484
2021-08-27 13:30:00,40240.0,40500.0,39500.0,40240.0,17689
2021-08-30 13:30:00,40750.0,41200.0,40291.0,40750.0,17360
2021-08-31 13:30:00,40481.0,40897.0,39950.0,40481.0,153232
2021-09-01 13:30:00,40351.0,40431.0,39171.0,40351.0,26528
2021-09-02 13:30:00,41818.0,42100.0,39999.0,41818.0,16779
2021-09-03 13:30:00,41790.0,42000.0,40745.0,41790.0,33182
2021-09-06 12:30:00,41350.0,41780.0,41001.0,41350.0,27164
2021-09-07 12:30:00,41395.0,42000.0,40958.0,41395.0,40216
2021-09-08 12:30:00,41324.0,41870.0,40701.0,41324.0,48721
2021-09-09 12:30:00,42650.0,43447.0,40600.0,42650.0,45902
2021-09-10 12:30:00,44301.0,45151.0,42654.0,44301.0,27434
2021-09-13 12:30:00,42964.0,45000.0,42150.0,42964.0,33237
2021-09-14 12:30:00,43348.0,44100.0,42650.0,43348.0,34685
2021-09-15 12:30:00,44594.0,44990.0,43109.0,44594.0,34392
2021-09-16 12:30:00,44230.0,44691.0,43235.0,44230.0,1748499
2021-09-20 12:30:00,41550.0,44691.0,41550.0,41550.0,72845
2021-09-21 12:30:00,42850.0,42850.0,41612.0,42850.0,48146
2021-09-22 12:30:00,43500.0,43692.0,43100.0,43500.0,45515
2021-09-23 12:30:00,44180.0,44266.0,43357.0,44180.0,63052
2021-09-24 12:30:00,44180.0,44180.0,43100.0,44180.0,90558
2021-09-27 12:30:00,42702.0,44260.0,42702.0,42702.0,32067
2021-09-28 12:30:00,42779.0,43714.0,42095.0,42779.0,31790
2021-09-29 12:30:00,43403.0,43902.0,42270.0,43403.0,27271
2021-09-30 12:30:00,43760.0,45250.0,43403.0,43760.0,182813
2021-10-01 12:30:00,43298.0,44200.0,43190.0,43298.0,16961
2021-10-04 12:30:00,42565.0,43500.0,42000.0,42565.0,11397
2021-10-05 12:30:00,43928.0,44250.0,42605.0,43928.0,60192
2021-10-06 12:30:00,42001.0,43846.0,41550.0,42001.0,31049
2021-10-07 12:30:00,42009.0,42850.0,42000.0,42009.0,45039
2021-10-08 12:30:00,42401.0,42620.0,41900.0,42401.0,16587
2021-10-12 12:30:00,44300.0,45199.0,42408.0,44300.0,98414
2021-10-13 12:30:00,43500.0,44700.0,43121.0,43500.0,17773
2021-10-14 12:30:00,44840.0,44990.0,43500.0,44840.0,16143
2021-10-15 12:30:00,44350.0,45240.0,43754.0,44350.0,49079
2021-10-18 12:30:00,44505.0,45500.0,44200.0,44505.0,21185
2021-10-19 12:30:00,44400.0,45300.0,44330.0,44400.0,18221
2021-10-20 12:30:00,44281.0,44892.0,43750.0,44281.0,33663
2021-10-21 12:30:00,43426.0,44699.0,43179.0,43426.0,50185
2021-10-22 12:30:00,42577.0,44500.0,42445.0,42577.0,29207
2021-10-25 12:30:00,42980.0,43450.0,42440.0,42980.0,33496
2021-10-26 12:30:00,45000.0,45000.0,42941.0,45000.0,47957
2021-10-27 12:30:00,43800.0,44999.0,43443.0,43800.0,36326
2021-10-28 12:30:00,43351.0,44200.0,42550.0,43351.0,40649
2021-10-29 12:30:00,44180.0,44800.0,43055.0,44180.0,115850
2021-11-02 12:30:00,48620.0,48820.0,44255.0,48620.0,65040
2021-11-03 12:30:00,49656.0,49780.0,48759.0,49656.0,93191
2021-11-04 12:30:00,53489.0,53489.0,49783.0,53489.0,129071
2021-11-05 12:30:00,52100.0,53500.0,51999.0,52100.0,21358
2021-11-08 12:30:00,53011.0,53400.0,51999.0,53011.0,67459
2021-11-09 12:30:00,52300.0,53060.0,51080.0,52300.0,35798
2021-11-10 12:30:00,51579.0,52450.0,51000.0,51579.0,98801
2021-11-11 12:30:00,52605.0,52950.0,51000.0,52605.0,26115
2021-11-12 12:30:00,52965.0,53717.0,52500.0,52965.0,28460
2021-11-15 12:30:00,52200.0,53497.0,51500.0,52200.0,92930
2021-11-16 12:30:00,52200.0,52440.0,51050.0,52000.0,200564
2021-11-17 12:30:00,53200.0,53558.0,52119.0,53200.0,32110
2021-11-18 12:30:00,51950.0,54800.0,51756.0,51950.0,36616
2021-11-19 12:30:00,52700.0,53512.0,51400.0,52700.0,36438
2021-11-22 12:30:00,56250.0,57759.0,53350.0,54857.0,2026
2021-11-23 12:30:00,53600.0,55799.0,53000.0,53600.0,42479
2021-11-24 12:30:00,53300.0,54200.0,52500.0,53300.0,24590
2021-11-25 12:30:00,53000.0,54297.0,52501.0,53000.0,18829
2021-11-26 12:30:00,52502.0,53507.0,51300.0,52866.0,180895
2021-11-29 12:30:00,53920.0,54351.0,53220.0,53920.0,11524
2021-11-30 12:30:00,52100.0,53999.0,51151.0,52100.0,439836
2021-12-01 12:30:00,51410.0,53619.0,51410.0,51410.0,29111
2021-12-02 12:30:00,50600.0,53000.0,49950.0,50600.0,69138
2021-12-03 12:30:00,49000.0,52920.0,47900.0,49000.0,93404
2021-12-06 12:30:00,48302.0,48930.0,47000.0,48302.0,38344
2021-12-07 12:30:00,49300.0,50700.0,48280.0,49300.0,35622
2021-12-09 12:30:00,49500.0,49750.0,48859.0,49500.0,96742
2021-12-10 12:30:00,48801.0,49600.0,48500.0,48801.0,7292
2021-12-13 12:30:00,47550.0,49700.0,47099.0,47550.0,42459
2021-12-14 12:30:00,45740.0,47746.0,45441.0,45740.0,47202
2021-12-15 12:30:00,46350.0,46350.0,44324.0,46350.0,67414
2021-12-16 12:30:00,48500.0,49224.0,46350.0,48500.0,56286
2021-12-17 12:30:00,47990.0,48800.0,46519.0,47990.0,604606
2021-12-20 12:30:00,41211.0,47772.0,40500.0,41211.0,67404
2021-12-21 12:30:00,42600.0,43400.0,41050.0,42600.0,149587
2021-12-22 12:30:00,42506.0,43380.0,41517.0,42506.0,68857
2021-12-23 12:30:00,43800.0,43800.0,41700.0,43800.0,46587
2021-12-24 12:30:00,43800.0,43800.0,42800.0,43800.0,13793
2021-12-27 12:30:00,43967.0,45007.0,43010.0,43967.0,21877
2021-12-28 12:30:00,43351.0,44995.0,42809.0,43351.0,21094
2021-12-29 12:30:00,42157.0,43820.0,42157.0,42157.0,72672
2021-12-30 12:30:00,43489.0,43500.0,41750.0,43489.0,30413
2022-01-03 12:30:00,43295.0,44000.0,42983.0,43295.0,8781
2022-01-04 12:30:00,41700.0,43900.0,41000.0,41700.0,44823
2022-01-05 12:30:00,41049.0,42300.0,40824.0,41049.0,21322
2022-01-06 12:30:00,41800.0,41800.0,39199.0,41800.0,66807
2022-01-07 12:30:00,41440.0,42097.0,40750.0,41440.0,47007
2022-01-10 12:30:00,40351.0,41900.0,40035.0,40351.0,21862
2022-01-11 12:30:00,43168.0,43168.0,40351.0,43168.0,34421
2022-01-12 12:30:00,46184.0,46200.0,43280.0,46184.0,55548
2022-01-13 12:30:00,46298.0,47000.0,45650.0,46298.0,35681
2022-01-14 12:30:00,45699.0,46199.0,44501.0,45699.0,32127
2022-01-17 12:30:00,46100.0,46299.0,45300.0,46100.0,3746
2022-01-18 12:30:00,47299.0,47382.0,45006.0,47299.0,15391
2022-01-19 12:30:00,46997.0,48079.0,46400.0,46997.0,26528
2022-01-20 12:30:00,46000.0,47301.0,45399.0,46000.0,23949
2022-01-21 12:30:00,43999.0,47792.0,43999.0,43999.0,61590
2022-01-24 12:30:00,41879.0,43950.0,40701.0,41879.0,48953
2022-01-25 12:30:00,42670.0,43200.0,42000.0,42670.0,44277
2022-01-26 12:30:00,43298.0,44200.0,42825.0,43298.0,31033
2022-01-27 12:30:00,41496.0,43298.0,41400.0,41496.0,27903
2022-01-28 12:30:00,41000.0,42300.0,40700.0,41000.0,35092
2022-01-31 12:30:00,42700.0,43100.0,40948.0,42700.0,35953
2022-02-01 12:30:00,45200.0,45754.0,42751.0,45200.0,23293
2022-02-02 12:30:00,44250.0,45650.0,44250.0,44250.0,14181
2022-02-03 12:30:00,42850.0,45529.0,42850.0,42850.0,49666
2022-02-04 12:30:00,43415.0,44810.0,42850.0,43415.0,22554
2022-02-07 12:30:00,45681.0,45701.0,43500.0,45681.0,35815
2022-02-08 12:30:00,46400.0,46838.0,45154.0,46400.0,42490
2022-02-09 12:30:00,47200.0,48081.0,46401.0,47200.0,106866
2022-02-10 12:30:00,50250.0,50500.0,47200.0,50250.0,54876
2022-02-11 12:30:00,52120.0,52900.0,49901.0,52120.0,45017
2022-02-14 12:30:00,51899.0,52499.0,50000.0,51899.0,23964
2022-02-15 12:30:00,52179.0,54000.0,51699.0,52179.0,84719
2022-02-16 12:30:00,52199.0,53447.0,51715.0,52199.0,39077
2022-02-17 12:30:00,50506.0,53400.0,50491.0,50506.0,33230
2022-02-18 12:30:00,49350.0,52765.0,49009.0,49350.0,23174
2022-02-21 12:30:00,49897.0,49900.0,49190.0,49897.0,19904
2022-02-22 12:30:00,47800.0,50900.0,47800.0,47800.0,66381
2022-02-23 12:30:00,47600.0,49497.0,47500.0,47600.0,36559
2022-02-24 12:30:00,49000.0,49000.0,45000.0,49000.0,90739
2022-02-25 12:30:00,49960.0,50250.0,48153.0,49960.0,59816
2022-02-28 12:30:00,53000.0,53100.0,49837.0,53000.0,294366
2022-03-01 12:30:00,51000.0,52899.0,50739.0,51000.0,24920
2022-03-02 12:30:00,52600.0,52800.0,51160.0,52600.0,33134
2022-03-03 12:30:00,58000.0,59000.0,53713.0,58000.0,146458
2022-03-04 12:30:00,61498.0,61500.0,57834.0,61498.0,15996
2022-03-07 12:30:00,58949.0,64890.0,57990.0,58949.0,49804
2022-03-08 12:30:00,58850.0,59950.0,55554.0,58850.0,40651
2022-03-09 12:30:00,60300.0,61000.0,58956.0,60300.0,30059
2022-03-10 12:30:00,60750.0,62591.0,59500.0,60750.0,57665
2022-03-11 12:30:00,61000.0,63200.0,60634.0,61000.0,34501
2022-03-14 12:30:00,57610.0,61645.0,57610.0,57610.0,59449
2022-03-15 12:30:00,57601.0,58611.0,55929.0,57601.0,19567
2022-03-16 12:30:00,57811.0,59500.0,57000.0,57811.0,48541
2022-03-17 12:30:00,59150.0,59701.0,56600.0,59150.0,111608
2022-03-18 12:30:00,61400.0,61799.0,59729.0,61400.0,807892
2022-03-21 12:30:00,64470.0,64732.0,60714.0,64470.0,124096
2022-03-22 12:30:00,63450.0,64990.0,62867.0,63450.0,78202
2022-03-23 12:30:00,63550.0,64500.0,62500.0,63550.0,30287
2022-03-24 12:30:00,65900.0,66114.0,63150.0,65900.0,43232
2022-03-25 12:30:00,65529.0,67199.0,65000.0,65529.0,26001
2022-03-28 12:30:00,64450.0,66389.0,63800.0,64450.0,22571
2022-03-29 12:30:00,64620.0,65518.0,62800.0,64620.0,22424
2022-03-30 12:30:00,67301.0,68286.0,64653.0,67301.0,22097
2022-03-31 12:30:00,68010.0,68226.0,65598.0,68010.0,67489
2022-04-01 12:30:00,68810.0,69571.0,67451.0,68810.0,35355
2022-04-04 13:30:00,69479.0,71000.0,67800.0,69479.0,2018
2022-04-05 13:30:00,67350.0,69920.0,66715.0,67350.0,22034
2022-04-06 13:30:00,67900.0,68499.0,66000.0,67900.0,39718
2022-04-07 13:30:00,69200.0,69800.0,67263.0,69200.0,61707
2022-04-08 13:30:00,69850.0,70470.0,68000.0,69850.0,31266
2022-04-11 13:30:00,66801.0,70095.0,65652.0,66801.0,38742
2022-04-12 13:30:00,66500.0,69850.0,65750.0,66500.0,110636
2022-04-13 13:30:00,68050.0,68695.0,66532.0,68050.0,39646
2022-04-14 13:30:00,67805.0,69000.0,67802.0,67805.0,25865
2022-04-18 13:30:00,68210.0,69094.0,67278.0,68210.0,9131
2022-04-19 13:30:00,69950.0,69950.0,68146.0,69950.0,114085
2022-04-20 13:30:00,70500.0,70583.0,68501.0,70500.0,73241
2022-04-21 13:30:00,65340.0,71220.0,64500.0,65340.0,77798
2022-04-22 13:30:00,64800.0,67100.0,64500.0,64800.0,37234
2022-04-25 13:30:00,62606.0,65750.0,61701.0,62606.0,82791
2022-04-26 13:30:00,60101.0,63600.0,60101.0,60101.0,92122
2022-04-27 13:30:00,62370.0,63002.0,60230.0,62370.0,11514
2022-04-28 13:30:00,63999.0,64101.0,61350.0,63999.0,30790
2022-04-29 13:30:00,63300.0,65650.0,62800.0,63300.0,111435
2022-05-02 13:30:00,62800.0,64661.0,61500.0,62800.0,54303
2022-05-03 13:30:00,64100.0,64190.0,61800.0,64100.0,18267
2022-05-04 13:30:00,68341.0,68400.0,64141.0,68341.0,30559
2022-05-05 13:30:00,68997.0,72200.0,68000.0,68997.0,49194
2022-05-06 13:30:00,67626.0,70268.0,66099.0,67626.0,42611
2022-05-09 13:30:00,64520.0,66900.0,64520.0,64520.0,18394
2022-05-10 13:30:00,64187.0,66900.0,63351.0,64187.0,39078
2022-05-11 13:30:00,65000.0,67800.0,64188.0,65000.0,40828
2022-05-12 13:30:00,65540.0,67300.0,63600.0,65540.0,25920
2022-05-13 13:30:00,71500.0,71900.0,67300.0,71500.0,30516
2022-05-16 13:30:00,71890.0,74760.0,71551.0,71890.0,22203
2022-05-17 13:30:00,76301.0,76799.0,71890.0,76301.0,45998
2022-05-18 13:30:00,77300.0,79001.0,75000.0,77300.0,90124
2022-05-19 13:30:00,79551.0,80980.0,76899.0,79551.0,30781
2022-05-20 13:30:00,79200.0,82000.0,75121.0,79200.0,86875
2022-05-23 13:30:00,83700.0,84000.0,78420.0,83700.0,58973
2022-05-24 13:30:00,83000.0,84100.0,80802.0,83000.0,78674
2022-05-25 13:30:00,83751.0,84800.0,81537.0,83751.0,35020
2022-05-26 13:30:00,88278.0,88320.0,84500.0,88278.0,20586
2022-05-27 13:30:00,93250.0,94625.0,88309.0,93250.0,6936
2022-05-30 13:30:00,93650.0,94800.0,93400.0,93650.0,7834
2022-05-31 13:30:00,87986.0,93897.0,87250.0,87986.0,830698
2022-06-01 13:30:00,83488.0,87063.0,82000.0,83488.0,32580
2022-06-02 13:30:00,86400.0,87990.0,81900.0,86400.0,8889
2022-06-03 13:30:00,85552.0,86380.0,83501.0,85552.0,55739
2022-06-06 13:30:00,85151.0,86400.0,83477.0,85151.0,12303
2022-06-07 13:30:00,83950.0,86152.0,83598.0,83950.0,75533
2022-06-08 13:30:00,80500.0,83948.0,80000.0,80500.0,145910
2022-06-09 13:30:00,79100.0,82071.0,79053.0,79100.0,119276
2022-06-10 13:30:00,81600.0,81616.0,77000.0,81600.0,37172
2022-06-13 13:30:00,80000.0,82000.0,78300.0,80000.0,59882
2022-06-14 13:30:00,80877.0,82400.0,80147.0,80877.0,46469
2022-06-15 13:30:00,80779.0,82000.0,79550.0,80779.0,46204
2022-06-16 13:30:00,76227.0,80898.0,75499.0,76227.0,52413
2022-06-17 13:30:00,77800.0,80800.0,76792.0,77800.0,649365
2022-06-20 13:30:00,79800.0,79800.0,77800.0,79800.0,12542
2022-06-22 13:30:00,80458.0,81800.0,77810.0,80458.0,37683
2022-06-23 13:30:00,77900.0,82419.0,77400.0,77900.0,49561
2022-06-24 13:30:00,82000.0,82500.0,77910.0,82000.0,28387
2022-06-28 13:30:00,79600.0,86350.0,78811.0,79600.0,44822
2022-06-29 13:30:00,77351.0,82080.0,76700.0,77351.0,44577
2022-06-30 13:30:00,76500.0,79199.0,76299.0,76500.0,134657
2022-07-01 13:30:00,78999.0,78999.0,75832.0,78999.0,35868
2022-07-04 13:30:00,79296.0,79296.0,77200.0,79296.0,7458
2022-07-05 13:30:00,80350.0,81049.0,76850.0,80350.0,20217
2022-07-06 13:30:00,80390.0,81900.0,78560.0,80390.0,39009
2022-07-07 13:30:00,84000.0,85700.0,81700.0,84646.0,834865
2022-07-08 13:30:00,84142.0,85000.0,82995.0,84142.0,8883
2022-07-11 13:30:00,82215.0,84997.0,82000.0,82215.0,23919
2022-07-12 13:30:00,82265.0,84997.0,80288.0,82265.0,24940
2022-07-13 13:30:00,84000.0,85648.0,82000.0,84000.0,42215
2022-07-14 13:30:00,85501.0,85501.0,82501.0,85501.0,39133
2022-07-15 13:30:00,83110.0,84500.0,82300.0,83110.0,18406
2022-07-18 13:30:00,81000.0,84388.0,80851.0,81000.0,27309
2022-07-19 13:30:00,82989.0,83662.0,80500.0,82989.0,41347
2022-07-20 13:30:00,82050.0,83501.0,81150.0,82050.0,60954
2022-07-21 13:30:00,85401.0,85401.0,81038.0,85401.0,68133
2022-07-22 13:30:00,87000.0,87900.0,85401.0,87000.0,29737
2022-07-25 13:30:00,89322.0,89397.0,85400.0,89322.0,22757
2022-07-26 13:30:00,87000.0,89100.0,86512.0,87000.0,17912
2022-07-27 13:30:00,88500.0,89100.0,86545.0,88500.0,25028
2022-07-28 13:30:00,88498.0,90600.0,88300.0,88498.0,27477
2022-07-29 13:30:00,89499.0,90038.0,88100.0,89499.0,64454
2022-08-01 13:30:00,87597.0,89000.0,86000.0,87597.0,50818
2022-08-02 13:30:00,89000.0,89580.0,85600.0,89000.0,66608
2022-08-03 13:30:00,86800.0,89397.0,86113.0,86800.0,37725
2022-08-04 13:30:00,85300.0,89000.0,84499.0,85300.0,30119
2022-08-05 13:30:00,84600.0,89000.0,83200.0,84600.0,24101
2022-08-08 13:30:00,87200.0,88450.0,86000.0,87200.0,32941
2022-08-09 13:30:00,88000.0,88000.0,84900.0,88000.0,40096
2022-08-10 13:30:00,90000.0,90448.0,88201.0,90000.0,38687
2022-08-11 13:30:00,90200.0,90701.0,87821.0,90200.0,28886
2022-08-12 13:30:00,95010.0,95010.0,89900.0,95010.0,41997
2022-08-16 13:30:00,92500.0,99700.0,90865.0,92500.0,65562
2022-08-17 13:30:00,93350.0,95010.0,91200.0,93350.0,108867
2022-08-18 13:30:00,88079.0,96858.0,86200.0,88079.0,69919
2022-08-19 13:30:00,85000.0,89900.0,83300.0,85000.0,33910
2022-08-22 13:30:00,88399.0,89450.0,82701.0,88399.0,31466
2022-08-23 13:30:00,91000.0,92300.0,88800.0,91000.0,68959
2022-08-24 13:30:00,94000.0,94000.0,90620.0,94000.0,43384
2022-08-25 13:30:00,94500.0,96800.0,93500.0,94500.0,37403
2022-08-26 13:30:00,93855.0,95300.0,93000.0,93855.0,20163
2022-08-29 13:30:00,93000.0,94074.0,91101.0,93000.0,31089
2022-08-30 13:30:00,91200.0,93149.0,89700.0,91200.0,76018
2022-08-31 13:30:00,89602.0,93320.0,89600.0,89602.0,281152
2022-09-01 13:30:00,87065.0,91090.0,85300.0,87065.0,33807
2022-09-02 13:30:00,89000.0,91600.0,86500.0,89000.0,46872
2022-09-05 13:30:00,92900.0,95000.0,90001.0,92900.0,7153
2022-09-06 13:30:00,93100.0,96555.0,91751.0,93100.0,111122
2022-09-07 13:30:00,93491.0,93999.0,91473.0,93491.0,26807
2022-09-08 13:30:00,97600.0,98000.0,94000.0,97600.0,60215
2022-09-09 13:30:00,101680.0,101680.0,97600.0,101680.0,9432
2022-09-12 12:30:00,97000.0,102500.0,96150.0,97000.0,21282
2022-09-13 12:30:00,99306.0,101800.0,94555.0,99306.0,11768
2022-09-14 12:30:00,104000.0,105320.0,99600.0,104000.0,298059
2022-09-15 12:30:00,97885.0,106000.0,97880.0,97885.0,194622
2022-09-20 12:30:00,96800.0,100850.0,96121.0,96800.0,52109
2022-09-21 12:30:00,98999.0,100700.0,96800.0,98999.0,45418
2022-09-22 12:30:00,93850.0,99025.0,93578.0,93850.0,30493
2022-09-23 12:30:00,90505.0,93783.0,90505.0,90505.0,21574
2022-09-26 12:30:00,92230.0,94400.0,90495.0,92230.0,35625
2022-09-27 12:30:00,93300.0,95299.0,91800.0,93300.0,21033
2022-09-28 12:30:00,90301.0,95000.0,89419.0,90301.0,66385
2022-09-29 12:30:00,87836.0,91390.0,87836.0,87836.0,36257
2022-09-30 12:30:00,90100.0,91501.0,87850.0,90100.0,54080
2022-10-03 12:30:00,87310.0,90000.0,86549.0,87310.0,3979
2022-10-04 12:30:00,91000.0,91480.0,88100.0,91000.0,5970
2022-10-05 12:30:00,89000.0,90800.0,87500.0,89000.0,17848
2022-10-06 12:30:00,88900.0,90480.0,87000.0,88900.0,29913
2022-10-07 12:30:00,85750.0,89100.0,84825.0,85750.0,13333
2022-10-11 12:30:00,84295.0,88861.0,82400.0,84295.0,43891
2022-10-12 12:30:00,79300.0,86000.0,77794.0,79300.0,74314
2022-10-13 12:30:00,81300.0,83000.0,76000.0,81300.0,26610
2022-10-14 12:30:00,79954.0,84002.0,78000.0,79954.0,17932
2022-10-17 12:30:00,85650.0,85650.0,79954.0,85650.0,26190
2022-10-18 12:30:00,87000.0,89500.0,85200.0,87000.0,55897
2022-10-19 12:30:00,88700.0,89150.0,85550.0,88700.0,37196
2022-10-20 12:30:00,88000.0,89504.0,85500.0,88000.0,71013
2022-10-21 12:30:00,90900.0,91350.0,86500.0,90900.0,15881
2022-10-24 12:30:00,90052.0,93305.0,89001.0,90052.0,13721
2022-10-25 12:30:00,92797.0,93450.0,89001.0,92797.0,49524
2022-10-26 12:30:00,92350.0,94000.0,91500.0,92350.0,22235
2022-10-27 12:30:00,91400.0,94000.0,90800.0,91400.0,33893
2022-10-28 12:30:00,89800.0,93000.0,87450.0,89800.0,53764
2022-11-02 12:30:00,87900.0,89749.0,86774.0,87900.0,70528
2022-11-03 12:30:00,90278.0,90700.0,83600.0,90278.0,35054
2022-11-04 12:30:00,90000.0,95000.0,89500.0,90000.0,27785
2022-11-07 12:30:00,90485.0,92000.0,88650.0,90485.0,40836
2022-11-08 12:30:00,95870.0,96199.0,89735.0,95870.0,60195
2022-11-09 12:30:00,94601.0,97450.0,93994.0,94601.0,91981
2022-11-10 12:30:00,96224.0,98980.0,93655.0,96224.0,59659
2022-11-11 12:30:00,99000.0,99504.0,94585.0,99000.0,20048
2022-11-14 12:30:00,95150.0,99800.0,94798.0,95150.0,32437
2022-11-15 12:30:00,91414.0,96607.0,88700.0,91414.0,61233
2022-11-16 12:30:00,90900.0,92500.0,90000.0,90900.0,92892
2022-11-17 12:30:00,85000.0,94100.0,84905.0,85000.0,82176
2022-11-18 12:30:00,85400.0,86000.0,83287.0,85400.0,45389
2022-11-21 12:30:00,93500.0,94500.0,86001.0,93500.0,45138
2022-11-22 12:30:00,91998.0,95000.0,89155.0,91998.0,186859
2022-11-23 12:30:00,90750.0,93500.0,89701.0,90750.0,40620
2022-11-24 12:30:00,91590.0,91799.0,90750.0,91590.0,6656
2022-11-25 12:30:00,85740.0,90750.0,84456.0,85740.0,16102
2022-11-28 12:30:00,83500.0,85000.0,83500.0,83500.0,49444
2022-11-29 12:30:00,86250.0,87500.0,83700.0,86250.0,26949
2022-11-30 12:30:00,88400.0,88400.0,84739.0,88400.0,574265
2022-12-01 12:30:00,86500.0,89000.0,86300.0,86500.0,22983
2022-12-02 12:30:00,87500.0,89500.0,84097.0,87500.0,24267
2022-12-05 12:30:00,85700.0,88900.0,85700.0,85700.0,39234
2022-12-06 12:30:00,82200.0,89200.0,81500.0,82200.0,44822
2022-12-07 12:30:00,82300.0,84100.0,82100.0,82300.0,25413
2022-12-09 12:30:00,81500.0,84715.0,80820.0,81500.0,30334
2022-12-12 12:30:00,80690.0,81146.0,78235.0,80690.0,38730
2022-12-13 12:30:00,81190.0,83200.0,80476.0,81190.0,45048
2022-12-14 12:30:00,79400.0,81953.0,78520.0,79400.0,69815
2022-12-15 12:30:00,74500.0,76800.0,73501.0,74500.0,67096
2022-12-16 12:30:00,74989.0,75504.0,73103.0,74989.0,452880
2022-12-19 12:30:00,75490.0,76690.0,73797.0,75490.0,34973
2022-12-20 12:30:00,76250.0,76250.0,74500.0,76250.0,34328
2022-12-21 12:30:00,74150.0,76899.0,73800.0,74150.0,15192
2022-12-22 12:30:00,70800.0,76095.0,69800.0,70800.0,77569
2022-12-23 12:30:00,71887.0,72500.0,71400.0,71887.0,11292
2022-12-26 12:30:00,71100.0,72500.0,71100.0,71100.0,4923
2022-12-27 12:30:00,67600.0,71887.0,66864.0,67600.0,45996
2022-12-28 12:30:00,66708.0,69682.0,65200.0,66708.0,33984
2022-12-29 12:30:00,67850.0,69682.0,65870.0,67850.0,62115
2022-12-30 12:30:00,68600.0,69190.0,66950.0,68600.0,52962
2023-01-03 12:30:00,65701.0,69524.0,65291.0,65701.0,32978
2023-01-04 12:30:00,66749.0,69000.0,65250.0,66749.0,26088
2023-01-05 12:30:00,67000.0,69300.0,66503.0,67500.0,185029
2023-01-06 12:30:00,67502.0,68233.0,65988.0,67502.0,19984
2023-01-09 12:30:00,68860.0,70330.0,67550.0,68860.0,22920
2023-01-10 12:30:00,67000.0,69098.0,66400.0,67000.0,72476
2023-01-11 12:30:00,70100.0,70210.0,66231.0,70100.0,46970
2023-01-12 12:30:00,70300.0,71801.0,69367.0,70300.0,28685
2023-01-13 12:30:00,68600.0,70151.0,67342.0,68600.0,48599
2023-01-16 12:30:00,69280.0,71800.0,68008.0,69280.0,20887
2023-01-17 12:30:00,69967.0,69967.0,68514.0,69967.0,56318
2023-01-18 12:30:00,70899.0,71450.0,69000.0,70899.0,30842
2023-01-19 12:30:00,68612.0,70000.0,68001.0,68612.0,75636
2023-01-20 12:30:00,70770.0,71800.0,69375.0,70770.0,28751
2023-01-23 12:30:00,73500.0,73700.0,69973.0,73500.0,14846
2023-01-24 12:30:00,73201.0,73489.0,72192.0,73201.0,15368
2023-01-25 12:30:00,73440.0,73440.0,72520.0,73151.0,170602
2023-01-26 12:30:00,74940.0,76200.0,73113.0,74940.0,22371
2023-01-27 12:30:00,75999.0,75999.0,74676.0,75999.0,19664
2023-01-30 12:30:00,76983.0,77800.0,75100.0,76983.0,101578
2023-01-31 12:30:00,77446.0,78149.0,76040.0,77446.0,98306
2023-02-01 12:30:00,76000.0,78069.0,75532.0,76000.0,42984
2023-02-02 12:30:00,76100.0,78100.0,74354.0,76100.0,46866
2023-02-03 12:30:00,77210.0,77500.0,75450.0,77210.0,20780
2023-02-06 12:30:00,76150.0,77500.0,75564.0,76150.0,53944
2023-02-07 12:30:00,74350.0,77300.0,74300.0,74350.0,56784
2023-02-08 12:30:00,75288.0,75999.0,74790.0,75288.0,5006
2023-02-09 12:30:00,74190.0,76900.0,74000.0,74190.0,21366
2023-02-10 12:30:00,73895.0,74686.0,72520.0,73895.0,27138
2023-02-13 12:30:00,74000.0,75000.0,73620.0,74435.0,155020
2023-02-14 12:30:00,73992.0,75093.0,73800.0,73992.0,26712
2023-02-15 12:30:00,74450.0,74799.0,72000.0,74450.0,56622
2023-02-16 12:30:00,76501.0,77470.0,73880.0,76501.0,35217
2023-02-17 12:30:00,69403.0,75750.0,69000.0,69403.0,41636
2023-02-20 12:30:00,70138.0,70650.0,69999.0,70205.0,548060
2023-02-21 12:30:00,67800.0,71500.0,66300.0,67800.0,79563
2023-02-22 12:30:00,66800.0,70140.0,66350.0,66800.0,58699
2023-02-23 12:30:00,70184.0,70300.0,66800.0,70184.0,21362
2023-02-24 12:30:00,70999.0,71497.0,69100.0,70999.0,142
2023-02-27 12:30:00,74200.0,74511.0,71515.0,74200.0,18219
2023-02-28 12:30:00,73990.0,74789.0,72984.0,73990.0,390506
2023-03-01 12:30:00,71531.0,74300.0,70701.0,71531.0,38562
2023-03-02 12:30:00,69800.0,73990.0,65600.0,69800.0,45102
2023-03-03 12:30:00,72300.0,73010.0,70010.0,72300.0,45486
2023-03-06 12:30:00,69485.0,72386.0,69485.0,69485.0,36532
2023-03-07 12:30:00,67180.0,70596.0,67005.0,67180.0,38101
2023-03-08 12:30:00,67099.0,68530.0,66800.0,67099.0,59991
2023-03-09 12:30:00,64498.0,68300.0,64498.0,64498.0,52122
2023-03-10 12:30:00,63085.0,65000.0,62646.0,63085.0,25130
2023-03-13 12:30:00,63099.0,63460.0,61000.0,63099.0,60682
2023-03-14 12:30:00,62800.0,64049.0,61344.0,62800.0,76548
2023-03-15 12:30:00,59711.0,63500.0,59252.0,59711.0,78264
2023-03-16 12:30:00,59600.0,61720.0,57661.0,59600.0,63472
2023-03-17 12:30:00,61600.0,61600.0,59462.0,61600.0,578469
2023-03-20 12:30:00,64150.0,64250.0,61600.0,64150.0,45931
2023-03-21 12:30:00,67796.0,67840.0,64999.0,67796.0,38456
2023-03-22 12:30:00,66399.0,68131.0,65716.0,66399.0,32055
2023-03-23 12:30:00,66600.0,68590.0,65351.0,65500.0,407486
2023-03-24 12:30:00,65350.0,65700.0,63500.0,65350.0,43546
2023-03-27 12:30:00,65730.0,68401.0,64903.0,65730.0,45748
2023-03-28 12:30:00,65518.0,68300.0,65301.0,65518.0,53516
2023-03-29 12:30:00,66150.0,66704.0,65700.0,66150.0,19062
2023-03-30 12:30:00,64100.0,67300.0,63499.0,64100.0,30942
2023-03-31 12:30:00,63800.0,66500.0,63101.0,63800.0,72697
2023-04-03 13:30:00,63251.0,64799.0,63200.0,63251.0,10544
2023-04-04 13:30:00,60715.0,63300.0,59850.0,60715.0,34527
2023-04-05 13:30:00,60100.0,60104.0,58500.0,60100.0,20133
2023-04-06 13:30:00,59800.0,60957.0,58850.0,60748.0,287416
2023-04-10 13:30:00,60645.0,61309.0,60092.0,60645.0,9271
2023-04-11 13:30:00,61788.0,62129.0,60886.0,61788.0,19836
2023-04-12 13:30:00,61778.0,62715.0,60999.0,61778.0,39399
2023-04-13 13:30:00,60700.0,61790.0,60440.0,60700.0,81722
2023-04-14 13:30:00,63023.0,64500.0,61700.0,63023.0,12583
2023-04-17 13:30:00,65840.0,66000.0,63301.0,65840.0,44329
2023-04-18 13:30:00,65698.0,66301.0,64500.0,65698.0,30719
2023-04-19 13:30:00,63650.0,65786.0,63610.0,63650.0,19884
2023-04-20 13:30:00,62100.0,63233.0,61203.0,62100.0,34960
2023-04-21 13:30:00,52979.0,61617.0,48290.0,52979.0,221732
2023-04-24 13:30:00,54751.0,56000.0,53899.0,54751.0,31297
2023-04-25 13:30:00,54100.0,55499.0,53225.0,54100.0,22217
2023-04-26 13:30:00,52100.0,55000.0,51850.0,52100.0,57746
2023-04-27 13:30:00,54028.0,54600.0,52100.0,54028.0,54778
2023-04-28 13:30:00,54650.0,55285.0,53320.0,54650.0,75266
2023-05-02 13:30:00,52500.0,53785.0,51265.0,52500.0,61699
2023-05-03 13:30:00,52800.0,55190.0,52505.0,52800.0,67390
2023-05-04 13:30:00,51180.0,53500.0,51100.0,51180.0,28916
2023-05-05 13:30:00,53879.0,54145.0,51200.0,53879.0,32544
2023-05-08 13:30:00,55290.0,56283.0,55001.0,55290.0,61343
2023-05-09 13:30:00,55600.0,55800.0,54457.0,55600.0,29544
2023-05-10 13:30:00,56500.0,56500.0,55000.0,56500.0,48509
2023-05-11 13:30:00,58951.0,58989.0,56569.0,58951.0,27931
2023-05-12 13:30:00,58600.0,59005.0,57777.0,58600.0,101416
2023-05-15 13:30:00,57552.0,57701.0,55409.0,57552.0,43839
2023-05-16 13:30:00,58801.0,59500.0,57041.0,58801.0,39156
2023-05-17 13:30:00,57610.0,59400.0,56972.0,57610.0,64398
2023-05-18 13:30:00,57761.0,58500.0,56000.0,57761.0,21633
2023-05-19 13:30:00,57000.0,57180.0,55800.0,57000.0,55820
2023-05-22 13:30:00,56720.0,58500.0,56000.0,56720.0,56959
2023-05-23 13:30:00,57380.0,58640.0,56451.0,57380.0,16098
2023-05-24 13:30:00,55582.0,57850.0,55008.0,55582.0,39122
2023-05-25 13:30:00,53453.0,56200.0,53100.0,53453.0,67156
2023-05-26 13:30:00,53061.0,53999.0,52916.0,53061.0,30023
2023-05-29 13:30:00,54300.0,54300.0,53000.0,54300.0,19537
2023-05-30 13:30:00,53743.0,54490.0,53082.0,53743.0,30199
2023-05-31 13:30:00,52200.0,54114.0,52000.0,52200.0,624149
2023-06-01 13:30:00,53012.0,54300.0,52100.0,53012.0,36952
2023-06-02 13:30:00,54650.0,55001.0,53280.0,54650.0,34757
2023-06-05 13:30:00,54851.0,55350.0,54244.0,54851.0,18829
2023-06-06 13:30:00,56498.0,56638.0,54473.0,56498.0,42652
2023-06-07 13:30:00,56499.0,57216.0,55493.0,56499.0,154197
2023-06-08 13:30:00,56099.0,56663.0,55401.0,56099.0,87361
2023-06-09 13:30:00,55800.0,56960.0,55387.0,55800.0,31038
2023-06-12 13:30:00,56050.0,56551.0,54540.0,56050.0,39475
2023-06-13 13:30:00,57700.0,57755.0,56340.0,57700.0,41223
2023-06-14 13:30:00,56940.0,58369.0,56501.0,56940.0,56999
2023-06-15 13:30:00,57137.0,58250.0,56400.0,57137.0,111685
2023-06-16 13:30:00,57305.0,58403.0,56900.0,57305.0,483406
2023-06-19 13:30:00,58120.0,58149.0,57299.0,58120.0,22783
2023-06-20 13:30:00,58196.0,58200.0,56250.0,58196.0,40906
2023-06-22 13:30:00,57216.0,58626.0,56650.0,57216.0,25841
2023-06-23 13:30:00,56115.0,58626.0,56043.0,56115.0,25515
2023-06-27 13:30:00,57447.0,58000.0,56853.0,57447.0,107356
2023-06-28 13:30:00,56342.0,57700.0,55550.0,56342.0,20977
2023-06-29 13:30:00,57365.0,57500.0,56354.0,57365.0,22060
2023-06-30 13:30:00,58399.0,58402.0,57115.0,58399.0,65044
2023-07-03 13:30:00,61390.0,61390.0,58500.0,61390.0,17592
2023-07-04 13:30:00,62380.0,62499.0,60468.0,62380.0,8638
2023-07-05 13:30:00,60769.0,61962.0,60700.0,60769.0,25387
2023-07-06 13:30:00,59490.0,61211.0,58600.0,59490.0,88843
2023-07-07 13:30:00,63621.0,63950.0,59993.0,63621.0,22848
2023-07-10 13:30:00,64400.0,65177.0,63000.0,64400.0,33026
2023-07-11 13:30:00,64877.0,65400.0,64002.0,64877.0,42130
2023-07-12 13:30:00,65600.0,65901.0,64851.0,65600.0,66987
2023-07-13 13:30:00,64400.0,66001.0,64322.0,64400.0,36526
2023-07-14 13:30:00,64677.0,65300.0,63591.0,64677.0,40736
2023-07-17 13:30:00,64750.0,64948.0,63130.0,64750.0,121591
2023-07-18 13:30:00,64849.0,65500.0,64033.0,64849.0,29973
2023-07-19 13:30:00,64550.0,65129.0,63800.0,64550.0,33217
2023-07-20 13:30:00,63900.0,64500.0,62000.0,63900.0,71457
2023-07-21 13:30:00,61315.0,63800.0,61000.0,61315.0,36943
2023-07-24 13:30:00,60100.0,60864.0,59090.0,60100.0,51813
2023-07-25 13:30:00,62296.0,62750.0,61250.0,62296.0,19894
2023-07-26 13:30:00,61499.0,62800.0,61401.0,61499.0,51780
2023-07-27 13:30:00,60000.0,62500.0,59623.0,60000.0,67795
2023-07-28 13:30:00,61990.0,61998.0,60000.0,61990.0,8764
2023-07-31 13:30:00,61515.0,63106.0,61515.0,61515.0,134421
2023-08-01 13:30:00,60850.0,62759.0,60386.0,60850.0,64487
2023-08-02 13:30:00,60000.0,60688.0,59140.0,60000.0,27662
2023-08-03 13:30:00,60000.0,61588.0,59900.0,60000.0,17625
2023-08-04 13:30:00,60506.0,61900.0,59900.0,60506.0,19060
2023-08-07 13:30:00,60000.0,61000.0,59800.0,60000.0,21312
2023-08-08 13:30:00,59901.0,60343.0,58802.0,59901.0,40282
2023-08-09 13:30:00,60100.0,60500.0,59500.0,60100.0,87191
2023-08-10 13:30:00,58401.0,60521.0,58401.0,58401.0,53621
2023-08-11 13:30:00,58000.0,60080.0,57500.0,58000.0,26743
2023-08-14 13:30:00,56701.0,57625.0,56500.0,56701.0,22535
2023-08-16 13:30:00,56731.0,57110.0,55534.0,56731.0,62967
2023-08-17 13:30:00,55684.0,57085.0,54500.0,55684.0,85412
2023-08-18 13:30:00,55096.0,56713.0,54304.0,55096.0,70815
2023-08-21 13:30:00,56890.0,57700.0,55200.0,56890.0,85719
2023-08-22 13:30:00,56849.0,57371.0,56600.0,56849.0,94942
2023-08-23 13:30:00,56594.0,57000.0,55901.0,56594.0,59021
2023-08-24 13:30:00,55200.0,57033.0,55184.0,55200.0,56480
2023-08-25 13:30:00,53800.0,55200.0,53500.0,53800.0,47952
2023-08-28 13:30:00,52799.0,54300.0,52561.0,52799.0,13520
2023-08-29 13:30:00,54130.0,54805.0,52674.0,54130.0,30897
2023-08-30 13:30:00,53200.0,54494.0,53175.0,53200.0,23466
2023-08-31 13:30:00,52800.0,53885.0,52800.0,52800.0,555612
2023-09-01 13:30:00,53798.0,54548.0,52900.0,53798.0,9739
2023-09-04 12:30:00,54190.0,54600.0,53798.0,54190.0,3530
2023-09-05 12:30:00,54980.0,55279.0,54190.0,54980.0,254
2023-09-06 12:30:00,54080.0,55250.0,53978.0,54080.0,21620
2023-09-07 12:30:00,53800.0,55499.0,53107.0,53800.0,18923
2023-09-08 12:30:00,53155.0,54400.0,53095.0,53155.0,14948
2023-09-11 12:30:00,53484.0,53699.0,53000.0,53484.0,8535
2023-09-12 12:30:00,52220.0,53899.0,52220.0,52220.0,31361
2023-09-13 12:30:00,52900.0,53600.0,52060.0,52900.0,29112
2023-09-14 12:30:00,54225.0,54354.0,52650.0,54225.0,12907
2023-09-15 12:30:00,55350.0,55400.0,54299.0,55350.0,387287
2023-09-20 12:30:00,52762.0,55000.0,52748.0,52762.0,48051
2023-09-21 12:30:00,51680.0,53223.0,51230.0,51680.0,28194
2023-09-22 12:30:00,50989.0,53230.0,50678.0,50989.0,17126
2023-09-25 12:30:00,50857.0,52000.0,50000.0,50857.0,26340
2023-09-26 12:30:00,50890.0,52763.0,50000.0,50890.0,64130
2023-09-27 12:30:00,50021.0,50999.0,49502.0,50021.0,27735
2023-09-28 12:30:00,53002.0,53086.0,50051.0,53002.0,19097
2023-09-29 12:30:00,52852.0,54467.0,51900.0,52852.0,32995
2023-10-02 12:30:00,50920.0,53503.0,50920.0,50920.0,14143
2023-10-03 12:30:00,49990.0,51000.0,49856.0,49990.0,98149
2023-10-04 12:30:00,49801.0,50800.0,49438.0,49801.0,21446
2023-10-05 12:30:00,48777.0,50900.0,48500.0,48777.0,29020
2023-10-06 12:30:00,50495.0,50600.0,47636.0,50495.0,16329
2023-10-10 12:30:00,52510.0,52510.0,49835.0,52510.0,47713
2023-10-11 12:30:00,52940.0,53707.0,51918.0,52940.0,65563
2023-10-12 12:30:00,54763.0,56200.0,53035.0,54763.0,50367
2023-10-13 12:30:00,54375.0,55600.0,53151.0,54375.0,48067
2023-10-16 12:30:00,54393.0,55106.0,53501.0,54393.0,42350
2023-10-17 12:30:00,55845.0,55845.0,53700.0,55845.0,19288
2023-10-18 12:30:00,52262.0,54860.0,51658.0,52262.0,24982
2023-10-19 12:30:00,49830.0,52069.0,49830.0,49830.0,37502
2023-10-20 12:30:00,48998.0,50280.0,48600.0,48998.0,46315
2023-10-23 12:30:00,47257.0,49205.0,46939.0,47257.0,53297
2023-10-24 12:30:00,48298.0,49205.0,47351.0,48298.0,25221
2023-10-25 12:30:00,46751.0,48450.0,46201.0,46751.0,30644
2023-10-26 12:30:00,48062.0,48500.0,46751.0,48062.0,34712
2023-10-30 12:30:00,44700.0,47750.0,44547.0,44700.0,112807
2023-10-31 12:30:00,43300.0,45801.0,43300.0,43300.0,73954
2023-11-02 12:30:00,43300.0,44200.0,41250.0,43300.0,24145
2023-11-03 12:30:00,43500.0,45184.0,43500.0,45140.0,37410
2023-11-06 12:30:00,41800.0,44518.0,41799.0,41800.0,62371
2023-11-07 12:30:00,43151.0,43500.0,41700.0,43151.0,34987
2023-11-08 12:30:00,43360.0,44300.0,43100.0,43360.0,17552
2023-11-09 12:30:00,43699.0,44751.0,43000.0,43699.0,23088
2023-11-10 12:30:00,42601.0,43699.0,42228.0,42601.0,14587
2023-11-13 12:30:00,46590.0,47001.0,41519.0,46590.0,43788
2023-11-14 12:30:00,45919.0,46495.0,44501.0,45919.0,33642
2023-11-15 12:30:00,45725.0,47517.0,45432.0,45725.0,54884
2023-11-16 12:30:00,41950.0,46325.0,41442.0,41950.0,62344
2023-11-17 12:30:00,44260.0,44405.0,42036.0,44260.0,12982
2023-11-20 12:30:00,46679.0,47169.0,44500.0,46679.0,26986
2023-11-21 12:30:00,44999.0,45990.0,44800.0,44999.0,40096
2023-11-22 12:30:00,45090.0,45950.0,43914.0,45090.0,32749
2023-11-23 12:30:00,44900.0,45850.0,44150.0,44900.0,3579
2023-11-24 12:30:00,44150.0,45990.0,44091.0,44150.0,15359
2023-11-27 12:30:00,43585.0,45478.0,42347.0,43585.0,25649
2023-11-28 12:30:00,43503.0,45100.0,43155.0,43503.0,44112
2023-11-29 12:30:00,44000.0,44803.0,43459.0,44000.0,27476
2023-11-30 12:30:00,44300.0,44600.0,43501.0,44300.0,593521
2023-12-01 12:30:00,45990.0,46236.0,43180.0,45990.0,47737
2023-12-04 12:30:00,43410.0,46143.0,43410.0,43410.0,56772
2023-12-05 12:30:00,43735.0,44137.0,42600.0,43735.0,30070
2023-12-06 12:30:00,44211.0,45546.0,44021.0,44211.0,38906
2023-12-07 12:30:00,46190.0,46471.0,44449.0,46190.0,34304
2023-12-11 12:30:00,44200.0,45000.0,43600.0,44200.0,48303
2023-12-12 12:30:00,44000.0,45610.0,43196.0,44000.0,78330
2023-12-13 12:30:00,46200.0,46287.0,43856.0,46200.0,39577
2023-12-14 12:30:00,49279.0,50000.0,46800.0,49279.0,88282
2023-12-15 12:30:00,51000.0,51000.0,49138.0,51000.0,687261
2023-12-18 12:30:00,50000.0,51901.0,49316.0,50000.0,36519
2023-12-19 12:30:00,49812.0,51800.0,49321.0,49812.0,45780
2023-12-20 12:30:00,50750.0,51199.0,49600.0,50750.0,29639
2023-12-21 12:30:00,51302.0,51600.0,49300.0,51302.0,32539
2023-12-22 12:30:00,51568.0,53199.0,51400.0,52897.0,291007
2023-12-26 12:30:00,54750.0,55113.0,52897.0,54750.0,21262
2023-12-27 12:30:00,53995.0,55450.0,53995.0,53995.0,41626
2023-12-28 12:30:00,55300.0,58200.0,54000.0,55300.0,58848
2023-12-29 12:30:00,52650.0,56990.0,52464.0,52650.0,49859
2024-01-02 12:30:00,53198.0,53490.0,51600.0,53198.0,33900
2024-01-03 12:30:00,50950.0,53198.0,49900.0,50950.0,31209
2024-01-04 12:30:00,49099.0,52500.0,48970.0,49099.0,42123
2024-01-05 12:30:00,48810.0,49990.0,47500.0,48810.0,18936
2024-01-08 12:30:00,48980.0,50000.0,48208.0,48980.0,59977
2024-01-09 12:30:00,48508.0,50000.0,48100.0,48508.0,53565
2024-01-10 12:30:00,47290.0,48980.0,47049.0,47290.0,77510
2024-01-11 12:30:00,46000.0,48508.0,44978.0,46000.0,173952
2024-01-12 12:30:00,44410.0,46380.0,44410.0,44410.0,35708
2024-01-15 12:30:00,45496.0,46000.0,42610.0,45496.0,18460
2024-01-16 12:30:00,45600.0,46400.0,44500.0,45600.0,159159
2024-01-17 12:30:00,44700.0,46100.0,43999.0,44700.0,178009
2024-01-18 12:30:00,44000.0,45788.0,43910.0,44000.0,31131
2024-01-19 12:30:00,42993.0,44800.0,42500.0,42993.0,58455
2024-01-22 12:30:00,43600.0,44910.0,42200.0,43600.0,21047
2024-01-23 12:30:00,44800.0,45049.0,43625.0,44800.0,86084
2024-01-24 12:30:00,44900.0,46073.0,44783.0,44900.0,25946
2024-01-25 12:30:00,42755.0,45114.0,42703.0,42755.0,140492
2024-01-26 12:30:00,43431.0,45114.0,43000.0,43431.0,29017
2024-01-29 12:30:00,42700.0,44000.0,42500.0,42700.0,70355
2024-01-30 12:30:00,41017.0,43000.0,41017.0,41017.0,74289
2024-01-31 12:30:00,40300.0,42129.0,39590.0,40300.0,127652
2024-02-01 12:30:00,39802.0,41200.0,39599.0,39802.0,82647
2024-02-02 12:30:00,38100.0,40300.0,38100.0,38100.0,20
2024-02-05 12:30:00,38198.0,38225.0,37001.0,38198.0,80
2024-02-06 12:30:00,38380.0,39400.0,37500.0,38380.0,114950
2024-02-07 12:30:00,38850.0,39113.0,38199.0,38850.0,44216
2024-02-08 12:30:00,39177.0,39199.0,38150.0,39177.0,39007
2024-02-09 12:30:00,39040.0,39476.0,38463.0,39040.0,20066
2024-02-12 12:30:00,41089.0,41500.0,39041.0,41089.0,22898
2024-02-13 12:30:00,38900.0,41450.0,38800.0,38900.0,87494
2024-02-14 12:30:00,38860.0,39700.0,38643.0,38860.0,41717
2024-02-15 12:30:00,40292.0,40750.0,38350.0,40292.0,29275
2024-02-16 12:30:00,42390.0,42409.0,40601.0,42390.0,42347
2024-02-19 12:30:00,43100.0,43100.0,42000.0,43100.0,18224
2024-02-20 12:30:00,41248.0,43254.0,40426.0,41248.0,127079
2024-02-21 12:30:00,41311.0,42450.0,41001.0,41311.0,76797
2024-02-22 12:30:00,42320.0,42894.0,41668.0,42320.0,46526
2024-02-23 12:30:00,43338.0,43399.0,42268.0,43338.0,44601
2024-02-26 12:30:00,43200.0,43800.0,42397.0,43200.0,19962
2024-02-27 12:30:00,44911.0,45100.0,43300.0,44911.0,55428
2024-02-28 12:30:00,45111.0,45803.0,44465.0,45111.0,57104
2024-02-29 12:30:00,48000.0,49576.0,45400.0,48000.0,373123
2024-03-01 12:30:00,49460.0,49850.0,48350.0,49460.0,21198
2024-03-04 12:30:00,46701.0,50355.0,46701.0,46701.0,50561
2024-03-05 12:30:00,44350.0,47667.0,43960.0,44350.0,43097
2024-03-06 12:30:00,45406.0,46549.0,43879.0,45406.0,33196
2024-03-07 12:30:00,45535.0,46600.0,45210.0,45535.0,32471
2024-03-08 12:30:00,44611.0,46600.0,44611.0,44611.0,26480
2024-03-11 12:30:00,47255.0,47400.0,44956.0,47255.0,26325
2024-03-12 12:30:00,47805.0,48648.0,47312.0,47805.0,80189
2024-03-13 12:30:00,48002.0,48700.0,47455.0,48002.0,25221
2024-03-14 12:30:00,46244.0,47198.0,45785.0,46244.0,33261
2024-03-15 12:30:00,47749.0,47749.0,46244.0,47749.0,1088779
2024-03-18 12:30:00,47801.0,49100.0,47345.0,47801.0,31758
2024-03-19 12:30:00,46548.0,47750.0,46159.0,46548.0,72639
2024-03-20 12:30:00,48700.0,48800.0,46569.0,48700.0,30617
2024-03-21 12:30:00,48200.0,49546.0,48027.0,48200.0,42193
2024-03-22 12:30:00,47300.0,48000.0,47043.0,47300.0,20675
2024-03-25 12:30:00,45510.0,47000.0,45501.0,45510.0,67555
2024-03-26 12:30:00,45755.0,46395.0,45199.0,45755.0,33050
2024-03-27 12:30:00,47550.0,47904.0,45200.0,47550.0,28107
2024-03-28 12:30:00,47698.0,48790.0,47496.0,47698.0,55905
2024-04-01 12:30:00,48053.0,49155.0,48053.0,48053.0,24435
2024-04-02 12:30:00,47098.0,48686.0,46700.0,47098.0,39994
2024-04-03 12:30:00,47007.0,47601.0,46600.0,47007.0,82906
2024-04-04 12:30:00,45700.0,47682.0,45700.0,45700.0,60294
2024-04-05 12:30:00,44801.0,46911.0,44801.0,44801.0,60478
2024-04-08 13:30:00,47000.0,47800.0,45245.0,47000.0,19432
2024-04-09 13:30:00,48504.0,48504.0,46685.0,48504.0,110582
2024-04-10 13:30:00,48783.0,49100.0,47529.0,48783.0,40720
2024-04-11 13:30:00,49050.0,49500.0,48265.0,49050.0,39322
2024-04-12 13:30:00,46599.0,49000.0,46500.0,46599.0,42847
2024-04-15 13:30:00,45900.0,48963.0,45300.0,45900.0,30495
2024-04-16 13:30:00,45000.0,45801.0,44992.0,45000.0,28489
2024-04-17 13:30:00,45140.0,46000.0,44750.0,45140.0,46441
2024-04-18 13:30:00,44290.0,45299.0,44100.0,44290.0,72761
2024-04-19 13:30:00,42925.0,43960.0,42925.0,42925.0,16800
2024-04-22 13:30:00,41980.0,43100.0,41100.0,41980.0,57554
2024-04-23 13:30:00,42877.0,43133.0,41450.0,42877.0,68492
2024-04-24 13:30:00,41014.0,42800.0,41014.0,41014.0,182790
2024-04-25 13:30:00,41298.0,41420.0,40060.0,41298.0,70354
2024-04-26 13:30:00,42200.0,42370.0,41400.0,42200.0,16294
2024-04-29 13:30:00,44250.0,44650.0,43361.0,44250.0,74683
2024-04-30 13:30:00,43850.0,44666.0,43011.0,43850.0,92032
2024-05-02 13:30:00,44080.0,44998.0,43576.0,44080.0,55393
2024-05-03 13:30:00,44910.0,45400.0,44464.0,44910.0,16483
2024-05-06 13:30:00,44450.0,45164.0,44350.0,44450.0,35527
2024-05-07 13:30:00,45000.0,45699.0,44391.0,45000.0,30410
2024-05-08 13:30:00,45035.0,45200.0,44049.0,45035.0,86308
2024-05-09 13:30:00,44905.0,46001.0,44591.0,44905.0,20000
2024-05-10 13:30:00,43697.0,45250.0,43210.0,43697.0,35778
2024-05-13 13:30:00,44450.0,44562.0,43000.0,44450.0,21033
2024-05-14 13:30:00,45100.0,45551.0,44000.0,45100.0,50534
2024-05-15 13:30:00,43562.0,45560.0,43500.0,43562.0,27381
2024-05-16 13:30:00,42901.0,43865.0,42750.0,42901.0,69668
2024-05-17 13:30:00,42471.0,44600.0,42400.0,42471.0,75040
2024-05-20 13:30:00,43306.0,43397.0,42054.0,43306.0,15958
2024-05-22 13:30:00,43277.0,43390.0,42007.0,43277.0,44555
2024-05-23 13:30:00,44119.0,45800.0,43000.0,44119.0,28193
2024-05-24 13:30:00,44500.0,45000.0,43902.0,44500.0,43235
2024-05-27 13:30:00,44899.0,45500.0,44309.0,44899.0,13344
2024-05-28 13:30:00,44274.0,45500.0,44106.0,44274.0,56052
2024-05-29 13:30:00,42852.0,44498.0,42852.0,42852.0,30947
2024-05-30 13:30:00,42820.0,44500.0,42701.0,42820.0,49650
2024-05-31 13:30:00,43002.0,44083.0,42300.0,43002.0,931825
2024-06-03 13:30:00,41850.0,43534.0,41850.0,41850.0,54069
2024-06-04 13:30:00,41203.0,42250.0,40901.0,41203.0,36029
2024-06-05 13:30:00,42510.0,42699.0,40949.0,42510.0,34757
2024-06-06 13:30:00,42776.0,42872.0,42199.0,42776.0,26198
2024-06-07 13:30:00,41789.0,43073.0,41524.0,41789.0,50870
2024-06-10 13:30:00,42175.0,42330.0,41451.0,42175.0,9016
2024-06-11 13:30:00,41374.0,42175.0,41000.0,41374.0,54403
2024-06-12 13:30:00,40746.0,42300.0,40450.0,40746.0,61410
2024-06-13 13:30:00,39875.0,41001.0,39875.0,39875.0,33445
2024-06-14 13:30:00,39787.0,40000.0,38550.0,39787.0,33131
2024-06-17 13:30:00,39475.0,39899.0,38996.0,39475.0,9489
2024-06-18 13:30:00,38990.0,39801.0,38590.0,38990.0,28533
2024-06-19 13:30:00,39800.0,39850.0,39000.0,39800.0,18522
2024-06-21 13:30:00,38600.0,38990.0,37700.0,38600.0,477101
2024-06-24 13:30:00,38750.0,38750.0,37505.0,38750.0,78137
2024-06-25 13:30:00,37900.0,38979.0,37703.0,37900.0,105088
2024-06-26 13:30:00,40550.0,40850.0,38103.0,40550.0,65518
2024-06-27 13:30:00,39880.0,40470.0,38900.0,39880.0,24071
2024-06-28 13:30:00,38027.0,39750.0,38027.0,38027.0,104054
2024-07-01 13:30:00,38320.0,39000.0,38000.0,38320.0,76605
2024-07-02 13:30:00,38202.0,39252.0,38000.0,38202.0,83592
2024-07-03 13:30:00,39910.0,40102.0,38401.0,39910.0,16453
2024-07-04 13:30:00,39931.0,40080.0,39590.0,39931.0,6974
2024-07-05 13:30:00,38753.0,40000.0,38600.0,38753.0,26587
2024-07-08 13:30:00,39100.0,39250.0,38716.0,39100.0,27687
2024-07-09 13:30:00,37520.0,39125.0,37520.0,37520.0,43483
2024-07-10 13:30:00,37920.0,38541.0,37278.0,37920.0,54971
2024-07-11 13:30:00,38699.0,38900.0,37921.0,38699.0,107296
2024-07-12 13:30:00,38704.0,39340.0,38150.0,38704.0,15891
2024-07-15 13:30:00,38650.0,38820.0,37630.0,37997.0,211238
2024-07-17 13:30:00,38120.0,38820.0,37000.0,37820.0,683825
2024-07-18 13:30:00,38198.0,39100.0,37180.0,37260.0,607547
2024-07-19 13:30:00,37300.0,38300.0,36550.0,37206.0,322794
2024-07-22 13:30:00,37501.0,38125.0,37015.0,37201.0,305222
2024-07-23 13:30:00,37035.0,37311.0,36200.0,36200.0,382535
2024-07-24 13:30:00,36100.0,36607.0,35300.0,35621.0,577986
2024-07-25 13:30:00,35650.0,36504.0,35222.0,35525.0,356964
2024-07-26 13:30:00,35914.0,36600.0,35609.0,36300.0,384296
2024-07-29 13:30:00,35999.0,36405.0,35700.0,36405.0,234657
2024-07-30 13:30:00,36294.0,36405.0,35792.0,36030.0,276940
2024-07-31 13:30:00,36300.0,36604.0,35710.0,35710.0,594172
2024-08-01 13:30:00,35469.0,36001.0,34447.0,34800.0,352420
2024-08-02 13:30:00,34300.0,34300.0,32998.0,33600.0,400284
2024-08-05 13:30:00,32400.0,33452.0,31500.0,32000.0,1097380
2024-08-06 13:30:00,32899.0,32899.0,31999.0,32494.0,399686
2024-08-07 13:30:00,33001.0,33691.0,32850.0,33000.0,566455
2024-08-08 13:30:00,33331.0,34172.0,32920.0,33750.0,252322
2024-08-09 13:30:00,35018.0,35189.0,33742.0,34295.0,308587
2024-08-12 13:30:00,34499.0,34581.0,32500.0,32715.0,310757
2024-08-13 13:30:00,33100.0,34000.0,32715.0,33850.0,477599
2024-08-14 13:30:00,33005.0,34298.0,32171.0,33889.0,874489
2024-08-16 13:30:00,33889.0,35372.0,33582.0,34760.0,339199
2024-08-19 13:30:00,35001.0,35290.0,34049.0,34545.0,322221
2024-08-20 13:30:00,34990.0,34990.0,34250.0,34390.0,215236
2024-08-21 13:30:00,35000.0,35400.0,34240.0,35020.0,449157
2024-08-22 13:30:00,35051.0,35215.0,33919.0,34600.0,998658
2024-08-23 13:30:00,34990.0,35424.0,34395.0,34960.0,323429
2024-08-26 13:30:00,35400.0,35740.0,34555.0,34555.0,267842
2024-08-27 13:30:00,34555.0,34850.0,34150.0,34150.0,306323
2024-08-28 13:30:00,34150.0,34410.0,33601.0,33990.0,181081
2024-08-29 13:30:00,34340.0,35840.0,34200.0,35524.0,405659
2024-08-30 13:30:00,35900.0,36472.0,35000.0,35600.0,849336
2024-09-02 13:30:00,34600.0,35604.0,34600.0,35024.0,91961
2024-09-03 13:30:00,34989.0,34990.0,33710.0,33800.0,628306
2024-09-04 13:30:00,33800.0,34750.0,33700.0,34200.0,358735
2024-09-05 13:30:00,34139.0,34591.0,33803.0,33938.0,480503
2024-09-06 13:30:00,33689.0,33689.0,32001.0,32480.0,395916
2024-09-09 12:30:00,32575.0,33146.0,32450.0,32890.0,215185
2024-09-10 12:30:00,32790.0,32949.0,32207.0,32760.0,201195
2024-09-11 12:30:00,36800.0,36800.0,35300.0,35951.0,947253
2024-09-12 12:30:00,36250.0,36400.0,35210.0,35600.0,249886
2024-09-13 12:30:00,35598.0,35900.0,35016.0,35502.0,227389
2024-09-16 12:30:00,35850.0,35502.0,34400.0,35052.0,155697
2024-09-17 12:30:00,35050.0,35991.0,35050.0,35510.0,327209
2024-09-23 12:30:00,34830.0,35721.0,34300.0,35005.0,538268
2024-09-24 12:30:00,36055.0,36456.0,35800.0,36000.0,329633
2024-09-25 12:30:00,36501.0,36589.0,35051.0,35400.0,354702
2024-09-26 12:30:00,36050.0,36799.0,35680.0,36799.0,380044
2024-09-27 12:30:00,37550.0,38097.0,36891.0,37304.0,287569
2024-09-30 12:30:00,37726.0,37727.0,36954.0,37305.0,368166
2024-10-01 12:30:00,37572.0,37573.0,36600.0,37405.0,200085
2024-10-02 12:30:00,37511.0,37901.0,37216.0,37305.0,260940
2024-10-03 12:30:00,37300.0,37727.0,36594.0,37099.0,238392
2024-10-04 12:30:00,38170.0,38890.0,37300.0,38350.0,425398
2024-10-07 12:30:00,38751.0,40000.0,38459.0,39120.0,533055
2024-10-08 12:30:00,38464.0,39474.0,38008.0,39216.0,566503
2024-10-09 12:30:00,40250.0,40583.0,39800.0,40399.0,524133
2024-10-10 12:30:00,40350.0,40999.0,40000.0,40600.0,341065
2024-10-11 12:30:00,39990.0,40600.0,39150.0,39270.0,309240
2024-10-14 12:30:00,39270.0,39270.0,39270.0,39270.0,0
2024-10-15 12:30:00,39270.0,39270.0,39270.0,39270.0,0
2024-10-16 12:30:00,39270.0,39270.0,39270.0,39270.0,0
2024-10-17 12:30:00,36501.0,37070.0,36060.0,36105.0,297108
2024-10-18 12:30:00,36925.0,37550.0,36610.0,37212.0,251231
2024-10-21 12:30:00,37194.0,37560.0,36996.0,37305.0,205518
2024-10-22 12:30:00,37310.0,38750.0,37127.0,38342.0,313260
2024-10-23 12:30:00,38700.0,38700.0,37458.0,37458.0,239851
2024-10-24 12:30:00,37801.0,38151.0,37529.0,38100.0,239224
2024-10-25 12:30:00,38103.0,39350.0,38103.0,38815.0,226498
2024-10-28 12:30:00,39001.0,39948.0,38899.0,39600.0,304291
2024-10-29 12:30:00,39205.0,39820.0,38605.0,38605.0,194206
2024-10-30 12:30:00,38606.0,38990.0,37001.0,37001.0,571673
2024-11-04 12:30:00,37280.0,38860.0,37280.0,38098.0,782814
2024-11-05 12:30:00,38100.0,38512.0,37100.0,37210.0,341892
2024-11-06 12:30:00,36899.0,37200.0,35590.0,36899.0,6000
2024-11-07 12:30:00,36180.0,36874.0,35972.0,36046.0,363077
2024-11-08 12:30:00,35686.0,36334.0,34975.0,35100.0,312480
2024-11-11 12:30:00,36001.0,36900.0,35842.0,36816.0,396387
2024-11-12 12:30:00,37051.0,37051.0,36200.0,36500.0,438156
2024-11-13 12:30:00,37300.0,39000.0,37126.0,37851.0,1084150
2024-11-14 12:30:00,36999.0,37655.0,36600.0,36900.0,430489
2024-11-15 12:30:00,36500.0,37199.0,36050.0,36988.0,522372
2024-11-18 12:30:00,37590.0,38202.0,37100.0,37683.0,379416
2024-11-19 12:30:00,38500.0,38500.0,37542.0,37601.0,336156
2024-11-20 12:30:00,37124.0,38599.0,37100.0,37301.0,516133
2024-11-21 12:30:00,37200.0,38466.0,36800.0,38060.0,445659
2024-11-22 12:30:00,37801.0,38136.0,37249.0,37725.0,319039
2024-11-25 12:30:00,37725.0,38400.0,37556.0,37600.0,988406
2024-11-26 12:30:00,37500.0,37800.0,37070.0,37231.0,196374
2024-11-27 12:30:00,37230.0,38000.0,37009.0,37151.0,578827
2024-11-28 12:30:00,37301.0,37625.0,37150.0,37150.0,134508
2024-11-29 12:30:00,37254.0,37700.0,36645.0,37200.0,327265
2024-12-02 12:30:00,37198.0,38342.0,36946.0,38153.0,559072
2024-12-03 12:30:00,38651.0,38881.0,37875.0,38000.0,551170
2024-12-04 12:30:00,38100.0,38200.0,37091.0,37288.0,303386
2024-12-05 12:30:00,36900.0,38000.0,36766.0,37078.0,387243
2024-12-06 12:30:00,37100.0,37674.0,36852.0,37006.0,165833
2024-12-09 12:30:00,37270.0,39580.0,37270.0,39024.0,1392073
2024-12-10 12:30:00,38900.0,39395.0,38200.0,38950.0,322242
2024-12-11 12:30:00,38831.0,39300.0,38500.0,38890.0,252440
2024-12-12 12:30:00,39200.0,39110.0,38369.0,38500.0,129138
2024-12-13 12:30:00,38151.0,38700.0,37350.0,37520.0,431824
2024-12-16 12:30:00,37520.0,37869.0,37033.0,37450.0,280894
2024-12-17 12:30:00,37090.0,37450.0,37050.0,37155.0,259846
2024-12-18 12:30:00,37155.0,38011.0,37155.0,37688.0,186091
2024-12-19 12:30:00,37493.0,38200.0,37200.0,37450.0,294948
2024-12-20 12:30:00,37140.0,37709.0,36800.0,37593.0,958986
2024-12-23 12:30:00,37593.0,37710.0,36800.0,36949.0,167935
2024-12-24 12:30:00,36948.0,37600.0,36800.0,36941.0,58903
2024-12-26 12:30:00,36900.0,37550.0,36805.0,36911.0,190141
2024-12-27 12:30:00,36909.0,37450.0,36750.0,36948.0,136496
2024-12-30 12:30:00,37100.0,37150.0,36400.0,36600.0,165486
2025-01-02 12:30:00,36580.0,37400.0,36290.0,36290.0,289049
2025-01-03 12:30:00,36700.0,37190.0,36333.0,37066.0,265524
2025-01-06 12:30:00,37201.0,38805.0,37201.0,38702.0,927256
2025-01-07 12:30:00,38703.0,39252.0,38703.0,39252.0,546613
2025-01-08 12:30:00,39219.0,39220.0,38400.0,39219.0,538
2025-01-09 12:30:00,38550.0,39000.0,38450.0,38600.0,83875
2025-01-10 12:30:00,38878.0,39169.0,38539.0,39000.0,273865
2025-01-13 12:30:00,38999.0,39050.0,38360.0,38705.0,229501
2025-01-14 12:30:00,38860.0,39995.0,38860.0,39698.0,624694
2025-01-15 12:30:00,40000.0,40450.0,39900.0,40199.0,488218
2025-01-16 12:30:00,40500.0,40500.0,39731.0,40350.0,335058
2025-01-17 12:30:00,40351.0,40880.0,40000.0,40000.0,205781
2025-01-20 12:30:00,40100.0,40495.0,40080.0,40130.0,134636
2025-01-21 12:30:00,40000.0,40449.0,39820.0,40215.0,259566
2025-01-22 12:30:00,40200.0,40200.0,39100.0,39200.0,422606
2025-01-23 12:30:00,38800.0,39900.0,38500.0,38850.0,289583
2025-01-24 12:30:00,38550.0,39220.0,38550.0,38880.0,194461
2025-01-27 12:30:00,38879.0,38879.0,38010.0,38300.0,255197
2025-01-28 12:30:00,38301.0,38600.0,38000.0,38322.0,189935
2025-01-29 12:30:00,38601.0,39649.0,38566.0,39399.0,315650
2025-01-30 12:30:00,39400.0,40550.0,39400.0,40399.0,417412
2025-01-31 12:30:00,40399.0,40501.0,38700.0,38750.0,434269
2025-02-03 12:30:00,38300.0,39500.0,37980.0,38500.0,431287
2025-02-04 12:30:00,39000.0,39100.0,38501.0,38985.0,232371
2025-02-05 12:30:00,38984.0,38992.0,37756.0,37802.0,3914
2025-02-06 12:30:00,37200.0,37841.0,36907.0,37275.0,643307
2025-02-07 12:30:00,37295.0,37429.0,36600.0,37295.0,536798
2025-02-10 12:30:00,37350.0,37600.0,36828.0,37085.0,346885
2025-02-11 12:30:00,36900.0,37430.0,36280.0,36455.0,436573
2025-02-12 12:30:00,36600.0,36820.0,35910.0,35910.0,461370
2025-02-13 12:30:00,36101.0,36990.0,35891.0,36990.0,899441
2025-02-14 12:30:00,37900.0,38100.0,36400.0,36600.0,481864
2025-02-17 12:30:00,36699.0,37500.0,35862.0,36000.0,290520
2025-02-18 12:30:00,36400.0,36940.0,36000.0,36899.0,713039
2025-02-19 12:30:00,36680.0,36850.0,36040.0,36700.0,393179
2025-02-20 12:30:00,36700.0,37679.0,36700.0,37350.0,424933
2025-02-21 12:30:00,37500.0,37960.0,37214.0,37300.0,217849
2025-02-24 12:30:00,37300.0,37690.0,36700.0,37500.0,277875
2025-02-25 12:30:00,37501.0,37980.0,37140.0,37449.0,207297
2025-02-26 12:30:00,37750.0,37750.0,37208.0,37400.0,260493
2025-02-27 16:03:01,37750.0,38150.0,37529.0,38000.0,202487
