Price,Close,High,Low,Open,Volume
Ticker,VAPORES.SN,VAPORES.SN,VAPORES.SN,VAPORES.SN,VAPORES.SN
Date,,,,,
2021-01-04,28.958866119384766,29.468318636309537,28.66917855405514,28.958866119384766,10587359
2021-01-05,29.048768997192383,29.318479483687927,28.66917794254326,29.048768997192383,4590479
2021-01-06,29.258543014526367,29.26853059771204,28.878950073266967,29.258543014526367,7883056
2021-01-07,30.467243194580078,30.776909723073732,29.31847866830348,30.467243194580078,6030425
2021-01-08,31.356287002563477,31.466169473914473,30.477232947656038,31.356287002563477,3080646
2021-01-11,31.116544723510742,31.356286736450873,30.726964190645553,31.116544723510742,8402831
2021-01-12,30.816869735717773,31.11654679552302,30.647052227081392,30.816869735717773,3743572
2021-01-13,31.66595458984375,31.765845664429282,30.84683367902151,31.66595458984375,15010814
2021-01-14,32.26531219482422,32.415152633725214,31.765849145955112,32.26531219482422,3008928
2021-01-15,31.865737915039062,32.46509387533605,31.76584493743955,31.865737915039062,1302442
2021-01-18,32.04555130004883,32.57498091667934,31.76584939924345,32.04555130004883,10149703
2021-01-19,32.435123443603516,32.46508999959586,31.765841145176932,32.435123443603516,3958781
2021-01-20,32.854679107666016,32.95457400490318,32.36520744830634,32.854679107666016,4751897
2021-01-21,32.66488265991211,33.164345685872235,31.815795134719853,32.66488265991211,4318860
2021-01-22,32.435123443603516,32.61493040075695,31.825778067761306,32.435123443603516,5326935
2021-01-25,32.38517761230469,32.96455649494017,31.965630540548045,32.38517761230469,10707030
2021-01-26,32.45510482788086,32.74479044871786,32.07551191119103,32.45510482788086,4174671
2021-01-27,31.3363094329834,31.46616897454629,30.866812993971095,31.3363094329834,15141222
2021-01-28,31.266382217407227,31.466168174284626,30.56713517893651,31.266382217407227,3487189
2021-01-29,30.966707229614258,31.266384279393666,30.36735122475523,30.966707229614258,13049559
2021-02-01,30.89678192138672,31.166492402469473,30.47723291924693,30.89678192138672,10882150
2021-02-02,31.466169357299805,31.71590086013552,30.696995871293772,31.466169357299805,1556562
2021-02-03,31.446191787719727,31.665956739446642,31.316332238763113,31.446191787719727,19177555
2021-02-04,31.3363094329834,31.446189997290418,31.13652347102495,31.3363094329834,2118992
2021-02-05,31.65596580505371,31.815793814303763,31.446190352100416,31.61600785009112,269268
2021-02-08,31.66595458984375,31.765845664429282,30.966705635944315,31.66595458984375,2784822
2021-02-09,31.66595458984375,31.66595458984375,31.386254627223952,31.66595458984375,2955844
2021-02-10,31.3962459564209,31.765847526776408,30.97669694054422,31.3962459564209,2771082
2021-02-11,31.3962459564209,31.586042438800884,31.196459984936677,31.3962459564209,1058476
2021-02-12,31.066598892211914,31.566061890783487,30.567135893640337,31.066598892211914,2018693
2021-02-15,31.256397247314453,31.256397247314453,30.896783256992062,31.256397247314453,1202315
2021-02-16,33.024497985839844,33.26423811407426,30.62707383989189,33.024497985839844,5199642
2021-02-17,33.943504333496094,33.96348331036245,33.07443979811076,33.943504333496094,5724795
2021-02-18,34.08335494995117,34.263161939530896,33.06444994586618,34.08335494995117,19970225
2021-02-19,34.452964782714844,34.75264186726951,34.11332973739266,34.452964782714844,4816881
2021-02-22,33.9634895324707,34.462952613830566,33.86359844043909,33.9634895324707,2423938
2021-02-23,33.703758239746094,33.703758239746094,32.96455146952329,33.703758239746094,1000000
2021-02-24,34.26316452026367,34.41300495973302,33.56391548707448,34.26316452026367,12842656
2021-02-25,34.28314208984375,34.56284016737798,33.76370008113697,34.28314208984375,3784539
2021-02-26,34.51288986206055,34.942428313606015,33.953493784215276,34.51288986206055,14874402
2021-03-01,35.11224365234375,35.401929240417545,34.572822801834675,35.11224365234375,11798993
2021-03-02,36.810420989990234,37.06015248601622,35.451884852513054,36.810420989990234,2814124
2021-03-03,36.71052932739258,37.35983273089265,36.56068890793867,36.71052932739258,10755657
2021-03-04,36.56068801879883,37.06015099069827,36.19108648656126,36.56068801879883,2162933
2021-03-05,37.4097785949707,37.4097785949707,36.01128070314743,37.4097785949707,5200939
2021-03-08,37.95918655395508,38.358758462973604,37.05016408100805,37.95918655395508,5530190
2021-03-09,38.158973693847656,38.75832776539385,37.959187733132175,38.158973693847656,6001084
2021-03-10,38.89817428588867,39.35768310907729,37.759399337038616,38.89817428588867,3718789
2021-03-11,38.75832748413086,39.45757643626059,38.658436409798135,38.75832748413086,2627807
2021-03-12,38.93813705444336,38.95811603275786,38.49861096332585,38.93813705444336,2288202
2021-03-15,39.257789611816406,39.257789611816406,38.658435557828426,39.257789611816406,9667561
2021-03-16,39.50752258300781,39.93706106834648,39.06799651432186,39.50752258300781,1456433
2021-03-17,39.677337646484375,39.7572497363261,38.958109784909475,39.677337646484375,1768269
2021-03-18,40.64629364013672,40.64629364013672,39.65735912964325,40.64629364013672,3143192
2021-03-19,39.9570426940918,41.85500374630137,39.9570426940918,39.9570426940918,117453350
2021-03-22,39.8971061706543,40.326644688904004,39.25779409063629,39.8971061706543,3244235
2021-03-23,39.437599182128906,39.84715870174527,39.038031056742426,39.437599182128906,6709132
2021-03-24,39.697322845458984,39.84715946637901,39.05800697349197,39.697322845458984,4712126
2021-03-25,38.35875701904297,39.647368565390515,38.13899209629533,38.35875701904297,4756630
2021-03-26,38.55854034423828,38.958112250535095,38.378733367464726,38.55854034423828,3922448
2021-03-29,38.35875701904297,38.94812346682983,37.96917270764489,38.35875701904297,5172869
2021-03-30,38.22889709472656,38.958112591082504,37.659509600166444,38.22889709472656,7065983
2021-03-31,38.75832748413086,38.75832748413086,38.22889793108703,38.75832748413086,13255577
2021-04-01,38.93813705444336,38.95811603275786,38.35876192572485,38.93813705444336,5604220
2021-04-05,38.95811462402344,38.95811462402344,38.80827419738321,38.95811462402344,1555648
2021-04-06,39.337711334228516,39.36767789817854,38.958118344925154,39.337711334228516,1252982
2021-04-07,39.307735443115234,39.85714777576425,39.00805841387042,39.307735443115234,2547228
2021-04-08,40.75618362426758,40.836099540388005,39.35768938756563,40.75618362426758,6104881
2021-04-09,41.10580825805664,41.95489387169602,40.456504804849736,41.10580825805664,3899321
2021-04-12,40.45650863647461,43.65307304394585,40.356617546797715,40.45650863647461,7130668
2021-04-13,40.7961311340332,40.906013585256495,40.446508617049666,40.7961311340332,3030733
2021-04-14,41.20569610595703,41.45542759750828,40.58636307387796,41.20569610595703,6585364
2021-04-15,41.954898834228516,41.954898834228516,40.836102598950674,41.954898834228516,3279969
2021-04-16,42.953819274902344,43.553173368451525,41.95489324525345,42.953819274902344,3852967
2021-04-19,43.9527473449707,44.37229446781169,43.35339322359769,43.9527473449707,2565674
2021-04-20,43.90279769897461,44.35231515328088,42.45435426203229,43.90279769897461,6542229
2021-04-21,45.670902252197266,46.35017230119028,43.75296216956976,45.670902252197266,9850577
2021-04-22,45.32126998901367,46.25027144180224,44.45220546597281,45.32126998901367,3958478
2021-04-23,44.80182647705078,45.451129856381954,44.42223736693718,44.80182647705078,20507392
2021-04-26,45.40118408203125,45.8007521659235,45.05155772170054,45.40118408203125,2907940
2021-04-27,44.74190139770508,45.45113802151867,44.10258929676884,44.74190139770508,4591750
2021-04-28,42.754032135009766,44.452207100987785,42.754032135009766,42.754032135009766,12821511
2021-04-29,42.45435333251953,43.852851201830816,41.75510439786389,42.45435333251953,4880560
2021-04-30,42.953819274902344,43.23351734381191,41.95489324525345,42.953819274902344,19111208
2021-05-03,44.911712646484375,44.94168301809364,43.20355007816905,44.911712646484375,10217295
2021-05-04,44.941680908203125,45.750808502260696,44.851777418796715,44.941680908203125,4934588
2021-05-05,45.75080490112305,45.75080490112305,45.15145089265675,45.75080490112305,26349230
2021-05-06,45.45112991333008,45.7508069308584,44.95166694724953,45.45112991333008,2000000
2021-05-07,44.553375244140625,44.93297907284336,43.94401611713799,44.553375244140625,2000000
2021-05-10,43.954002380371094,44.85306304425335,43.064933396481635,43.954002380371094,2812185
2021-05-11,42.955047607421875,43.254733223936434,42.46555817890425,42.955047607421875,5639310
2021-05-12,41.65640640258789,41.95609201196004,40.957137440246704,41.65640640258789,5714430
2021-05-13,41.94610595703125,42.345685516571955,41.30677180248914,41.94610595703125,8057138
2021-05-14,42.04599380493164,42.30572029048276,41.606455209880174,42.04599380493164,8546339
2021-05-17,38.94923782348633,40.78731426496483,38.25995677623875,38.94923782348633,9012558
2021-05-18,41.75629806518555,41.75629806518555,39.35880950985056,41.75629806518555,7082828
2021-05-19,41.956092834472656,42.93506787665856,40.957138243175685,41.956092834472656,9889072
2021-05-20,43.744224548339844,44.333607937669896,42.385645629836034,43.744224548339844,2669743
2021-05-24,47.400386810302734,47.440345900677364,44.183752438608785,47.400386810302734,7594570
2021-05-25,47.43035888671875,48.299448228930075,46.46137180874757,47.43035888671875,3304952
2021-05-26,47.60018539428711,47.92983841118846,46.751071748165856,47.60018539428711,12087445
2021-05-27,47.93983459472656,47.93983459472656,47.130679968785046,47.93983459472656,183686621
2021-05-28,48.94877243041992,48.978739847174886,47.9498178910236,48.94877243041992,3685310
2021-05-31,50.926700592041016,50.926700592041016,49.048665041465924,50.926700592041016,2701400
2021-06-01,51.44615936279297,51.9356487693646,49.93773966789691,51.44615936279297,8232462
2021-06-02,52.525028228759766,52.84469335653672,51.506094204954884,52.525028228759766,8257016
2021-06-03,51.875709533691406,52.52503150855744,50.14751863788804,51.875709533691406,4168943
2021-06-04,51.84574508666992,52.25531631883843,51.556047339092125,51.84574508666992,766773
2021-06-07,51.64595413208008,52.42513750895001,51.496109416200746,51.64595413208008,618019
2021-06-08,51.84574508666992,52.24532463887541,50.95667229471984,51.84574508666992,10583913
2021-06-09,52.02555847167969,52.2453258969364,51.586015999747346,52.02555847167969,8015035
2021-06-10,52.245323181152344,52.245323181152344,51.74584589679963,52.245323181152344,7777876
2021-06-11,51.32826232910156,51.94763693318838,50.94864391524245,51.32826232910156,11197599
2021-06-14,51.52806091308594,51.83774630500288,51.298289168891216,51.52806091308594,10044037
2021-06-15,51.92765426635742,52.24733171276967,51.45812634969003,51.92765426635742,3389584
2021-06-16,51.55803298950195,51.92765935862796,51.25833583045773,51.55803298950195,3630576
2021-06-17,52.94662857055664,53.44612506650529,51.52806035127328,52.94662857055664,3674528
2021-06-18,53.44612121582031,53.6459205619758,51.9476318359375,53.44612121582031,97340712
2021-06-22,54.40515899658203,54.42513931430017,53.256319309208976,54.40515899658203,4346152
2021-06-23,54.315250396728516,54.38517960450421,53.62594657257267,54.315250396728516,2220259
2021-06-24,55.12443161010742,55.144411926527624,54.19536785627427,55.12443161010742,5542772
2021-06-25,55.394161224365234,56.0834650051878,54.14542000565031,55.394161224365234,8758997
2021-06-29,59.080440521240234,59.9395750398821,55.394158028195484,59.080440521240234,8730945
2021-06-30,63.33615493774414,63.426064456222626,59.93957736284088,63.33615493774414,16930457
2021-07-01,62.327171325683594,66.62284418238727,60.94855994816344,62.327171325683594,4936896
2021-07-02,61.92757797241211,63.036457005333425,60.13937958129133,61.92757797241211,5592780
2021-07-05,62.83666229248047,63.42606832493381,62.287213084455885,62.83666229248047,4004104
2021-07-06,61.92757797241211,63.18630748022176,61.43806972385198,61.92757797241211,7582646
2021-07-07,62.437068939208984,62.437068939208984,61.30820566574834,62.437068939208984,5856305
2021-07-08,61.93757247924805,62.237269648428,59.589940208006155,61.93757247924805,4154869
2021-07-09,60.19931411743164,61.54795690049637,59.34018337259925,60.19931411743164,3836058
2021-07-12,55.82373046875,59.83968282646208,55.82373046875,55.82373046875,8828061
2021-07-13,53.67589569091797,54.95460556524122,52.48709534281157,53.67589569091797,3803844
2021-07-14,54.58498001098633,55.24431527600591,53.156419634967875,54.58498001098633,1520064
2021-07-15,52.45711898803711,53.945620184725506,51.49808665491403,52.45711898803711,4530476
2021-07-19,51.14844512939453,52.94663186450851,50.049550483428824,51.14844512939453,5932656
2021-07-20,56.94260025024414,56.94260025024414,51.178410258837786,56.94260025024414,18855473
2021-07-21,57.74179458618164,59.440083446833775,57.44209744862088,57.74179458618164,5481696
2021-07-22,58.0315055847168,58.93060084101056,56.44310650583516,58.0315055847168,10717161
2021-07-23,58.2213134765625,58.890640798742034,57.04250137791703,58.2213134765625,4178949
2021-07-26,58.511016845703125,58.94058411957868,57.921610852073115,58.511016845703125,3459786
2021-07-27,56.15339660644531,57.92161470495528,55.45410073193227,56.15339660644531,10805137
2021-07-28,56.542999267578125,56.83270813677106,54.44511560352758,56.542999267578125,4093224
2021-07-29,57.831703186035156,58.44108951550643,56.44310354916433,57.831703186035156,2109691
2021-07-30,59.5200080871582,59.73978396802764,58.14139660326776,59.5200080871582,9178051
2021-08-02,61.138370513916016,62.32717077606965,60.139377544116265,61.138370513916016,15048673
2021-08-03,60.35915756225586,60.93857535384759,59.589936276096644,60.35915756225586,7339271
2021-08-04,60.89860916137695,61.43806626760026,60.09941556559556,60.89860916137695,6620976
2021-08-05,61.837669372558594,61.837669372558594,60.1393804788532,61.837669372558594,10697380
2021-08-06,62.437068939208984,62.91658517135936,61.28822534638504,62.437068939208984,4447563
2021-08-09,61.737762451171875,62.437058265921316,61.48801421810819,61.737762451171875,8660366
2021-08-10,61.827674865722656,61.88761581637573,61.15835139894769,61.827674865722656,6919503
2021-08-11,62.197303771972656,62.73676091758233,61.737767897204094,62.48701266248777,338632888
2021-08-12,63.63585662841797,63.785703296063524,61.92757946560924,63.63585662841797,2868737
2021-08-13,63.80568313598633,63.9355532956578,62.087417732547564,63.80568313598633,11879358
2021-08-16,62.437068939208984,63.66582999862987,62.367139726865574,62.437068939208984,5334296
2021-08-17,61.03847122192383,62.53696073287963,60.518998211679005,61.03847122192383,19134044
2021-08-18,62.81667709350586,63.43605164886464,61.228278167501635,62.81667709350586,3406631
2021-08-19,61.438072204589844,61.937568726578384,61.248264898142374,61.438072204589844,15500433
2021-08-20,61.438072204589844,62.03746650663368,58.94058959464717,61.438072204589844,4213817
2021-08-23,61.32817840576172,62.42707296979675,61.088422224745344,61.32817840576172,9522455
2021-08-24,60.91859436035156,61.238271824286784,60.33918038603997,60.91859436035156,9375570
2021-08-25,59.84967041015625,60.23927706998049,59.24028407110567,59.84967041015625,9832405
2021-08-26,61.06844711303711,61.07843536690756,59.849674354611466,61.06844711303711,10629159
2021-08-27,60.72878646850586,61.68781885101747,60.439077578729666,60.72878646850586,7153124
2021-08-30,60.63887405395508,61.15835085576729,59.959558529343404,60.63887405395508,7406913
2021-08-31,57.94159698486328,59.430098308320055,57.94159698486328,57.94159698486328,68197699
2021-09-01,57.71182632446289,57.86167298861708,55.84371047317833,57.71182632446289,8289013
2021-09-02,58.940589904785156,58.940589904785156,57.13241111376408,58.940589904785156,4804867
2021-09-03,57.94159698486328,58.88064908133047,57.05249377879804,57.94159698486328,6621996
2021-09-06,56.592952728271484,58.23130057351151,55.94360577970053,56.592952728271484,3726053
2021-09-07,57.102439880371094,57.84169637912591,56.742801789671766,57.102439880371094,6258269
2021-09-08,54.94461441040039,57.10243911481098,52.96660874892868,54.94461441040039,11902834
2021-09-09,57.45208740234375,58.43110392399887,53.04652829831962,57.45208740234375,6279452
2021-09-10,58.64088821411133,59.7897278453105,57.7417930150374,58.64088821411133,6041644
2021-09-13,57.74179458618164,59.230295831626826,56.9925498368518,57.74179458618164,14098578
2021-09-14,61.827674865722656,62.24725389858261,59.739779387004525,61.827674865722656,7422899
2021-09-15,61.438072204589844,62.237265877600294,61.06844584535802,61.438072204589844,6543209
2021-09-16,60.63887405395508,61.93756415305772,60.199314708114734,60.63887405395508,22669157
2021-09-20,55.943607330322266,57.94159330640521,55.943607330322266,55.943607330322266,17765701
2021-09-21,56.14340591430664,57.40213538506909,56.04350433036945,56.14340591430664,6283460
2021-09-22,59.24028396606445,59.420103010411545,56.84270305952965,59.24028396606445,9477554
2021-09-23,59.19033432006836,60.339177776361375,59.19033432006836,59.19033432006836,6898263
2021-09-24,58.34119415283203,58.64089129799897,56.44310588201481,58.34119415283203,5512378
2021-09-27,59.03049850463867,59.34018771694594,57.34220164985491,59.03049850463867,4738545
2021-09-28,57.93160629272461,58.84068977885759,57.442098041334894,57.93160629272461,3214326
2021-09-29,58.680850982666016,58.94058748804011,57.94159447976824,58.680850982666016,6179859
2021-09-30,57.1124267578125,57.641895627856705,56.70283978901742,57.1124267578125,5694797
2021-10-01,57.2922477722168,57.84169697806121,56.96258205956607,57.2922477722168,4069400
2021-10-04,56.42312240600586,56.443102722679406,53.16640700533221,56.42312240600586,6601718
2021-10-05,57.87166976928711,58.73080443287185,57.44210243749474,57.87166976928711,9173223
2021-10-06,57.442100524902344,57.442100524902344,55.94361094599185,57.442100524902344,7125227
2021-10-07,57.831703186035156,58.29123904368845,57.04249781472463,57.831703186035156,4230956
2021-10-08,59.440086364746094,59.450074618450905,57.402139631920775,59.440086364746094,4124852
2021-10-12,58.8306884765625,59.490023606807135,58.43109362205819,58.8306884765625,26233698
2021-10-13,58.34119415283203,58.83069860073831,57.57196906669478,58.34119415283203,10714237
2021-10-14,57.24230194091797,58.341196600440334,56.942604783177735,57.24230194091797,3850672
2021-10-15,55.70238494873047,57.25106035990509,54.75319556399789,55.70238494873047,6087161
2021-10-18,54.953025817871094,55.45259877985174,54.45345285589045,54.953025817871094,9924022
2021-10-19,54.75319290161133,55.45259577274456,54.453449902965374,54.75319290161133,6200237
2021-10-20,50.365013122558594,50.744746576437656,47.46702481929764,50.365013122558594,7481013
2021-10-21,51.344329833984375,51.92392517917389,49.865357800683185,51.344329833984375,1989116
2021-10-22,50.56486892700195,51.66410752840131,50.36501082861014,50.56486892700195,9978896
2021-10-25,51.714073181152344,51.91393509595306,50.8846475689465,51.714073181152344,6616464
2021-10-26,51.414276123046875,51.96389346458957,51.064516860575345,51.414276123046875,3414529
2021-10-27,51.26438522338867,51.26438522338867,49.9652884851837,51.26438522338867,5994956
2021-10-28,51.06452178955078,51.264383699962,50.52489958710401,51.06452178955078,7903341
2021-10-29,52.81331253051758,53.46286285639631,50.66480724501346,52.81331253051758,12774509
2021-11-02,53.8126106262207,55.97111079400332,53.46285515470103,53.8126106262207,3291117
2021-11-03,54.46216583251953,55.45148024696231,53.82261073358844,54.46216583251953,4984666
2021-11-04,57.25022888183594,57.460082180123756,54.612062240363315,57.25022888183594,12535240
2021-11-05,58.65925216674805,58.95904314916447,56.64065396080533,58.65925216674805,4878770
2021-11-08,58.15959548950195,58.859110277838965,57.96972495703897,58.15959548950195,5083423
2021-11-09,58.94905090332031,58.94905090332031,58.35946032799802,58.94905090332031,4846824
2021-11-10,58.44939422607422,58.92906052231977,57.66993315913244,58.44939422607422,19095150
2021-11-11,60.05827331542969,60.098246459832396,58.449394279733745,60.05827331542969,7574624
2021-11-12,55.471458435058594,57.849807098674674,54.96181419887953,55.471458435058594,11941998
2021-11-15,53.46285629272461,55.46146774291992,52.66341247505625,53.46285629272461,15474989
2021-11-16,53.16306686401367,53.462857827740756,52.16376111022413,53.462857827740756,88670223
2021-11-17,53.96250915527344,54.16237106270273,52.66341247505625,53.96250915527344,8556498
2021-11-18,54.24231719970703,54.96181859019805,53.472851281998366,54.24231719970703,7946512
2021-11-19,53.972503662109375,54.96181806457327,53.46285939008491,53.972503662109375,13138373
2021-11-22,56.960426330566406,57.949740675714565,55.95112922551925,56.960426330566406,44324312
2021-11-23,56.56070327758789,56.96042709783081,55.56139753902946,56.56070327758789,18377683
2021-11-24,57.4600830078125,57.959735903532604,55.961124320652175,57.4600830078125,9398932
2021-11-25,58.75917434692383,58.85910720406689,56.960424850884586,58.75917434692383,11872858
2021-11-26,57.95973205566406,58.34946067852434,56.26091156058828,56.26091156058828,180316589
2021-11-29,56.960426330566406,58.15959396309336,56.46077346801758,56.960426330566406,5673927
2021-11-30,56.960426330566406,57.1602882379957,55.96112060546875,56.960426330566406,673770303
2021-12-01,58.74917984008789,59.45868593381828,57.759865573299486,58.74917984008789,8759302
2021-12-02,58.90907287597656,58.9490460196137,58.00969620438503,58.90907287597656,5644458
2021-12-03,58.80914306640625,59.158902373294595,58.4593875715669,58.80914306640625,5068125
2021-12-06,58.45938491821289,58.759175873332424,57.95973205566406,58.45938491821289,8144936
2021-12-07,59.848419189453125,59.95834342900077,58.45938484327575,59.848419189453125,24116173
2021-12-09,59.75848388671875,59.85841675028446,58.85911098692111,59.75848388671875,6826898
2021-12-10,60.41802215576172,60.41802215576172,59.05896578374181,60.41802215576172,2745753
2021-12-13,60.25813674926758,61.757095393836664,59.548630572396625,60.25813674926758,15302123
2021-12-14,57.69991683959961,59.95834620259583,56.560705059629136,57.69991683959961,11551949
2021-12-15,58.299495697021484,58.299495697021484,56.920452739838694,58.299495697021484,4449560
2021-12-16,58.5593147277832,58.859109498852,58.219550624347576,58.5593147277832,14230233
2021-12-17,56.66063690185547,58.55931554346116,55.951130732814114,56.66063690185547,28989382
2021-12-20,57.4600830078125,57.4600830078125,53.0031800928809,57.4600830078125,11926592
2021-12-21,60.70782470703125,60.757789232446186,57.95973387667181,60.70782470703125,17361041
2021-12-22,64.35529327392578,64.35529327392578,62.05688694753279,64.35529327392578,8980412
2021-12-23,68.00275421142578,68.35250967274337,64.56514025082492,68.00275421142578,13574672
2021-12-24,71.45037078857422,71.71019245346217,68.25259500571813,71.45037078857422,5593139
2021-12-27,72.94932556152344,74.94793722074326,71.55029587524987,72.94932556152344,2045090
2021-12-28,73.34905242919922,75.0478693596339,72.54960468305423,73.34905242919922,16054307
2021-12-29,71.94002532958984,74.09852960483943,71.05064374138937,71.94002532958984,6443868
2021-12-30,73.14917755126953,73.63884285611782,71.70018726933327,73.14917755126953,11236031
2022-01-03,75.34766387939453,76.04717493649513,73.44898120770884,75.34766387939453,15209451
2022-01-04,75.04785919189453,75.6474411082205,74.44827727556856,75.04785919189453,1751101
2022-01-05,74.97791290283203,75.69741429819534,74.54821110416218,74.97791290283203,4590614
2022-01-06,73.43898010253906,74.68811233544977,73.14918050961201,73.43898010253906,7931138
2022-01-07,73.73876953125,73.94862281624222,73.24911186626814,73.73876953125,1157598
2022-01-10,69.94141387939453,73.1491847234025,69.86147520619791,69.94141387939453,23250729
2022-01-11,71.95001220703125,72.34973602188984,70.65091171476524,71.95001220703125,13519984
2022-01-12,73.54889678955078,73.93862539623447,72.74945681711384,73.54889678955078,8277642
2022-01-13,73.3190689086914,74.8480055548701,73.04925207460212,73.3190689086914,1795845
2022-01-14,72.54959106445312,73.30906551831671,72.02995546387106,72.54959106445312,2937101
2022-01-17,73.43898010253906,73.93863299570334,71.10060822209729,73.43898010253906,3445830
2022-01-18,72.94932556152344,73.95862658417701,72.84939650338214,72.94932556152344,11708751
2022-01-19,71.60026550292969,73.94863271989027,71.60026550292969,71.60026550292969,3702785
2022-01-20,72.64952850341797,72.94932329261594,71.95001749408695,72.64952850341797,4365526
2022-01-21,71.95001220703125,73.90865051333094,71.44036415248411,71.95001220703125,13889460
2022-01-24,69.94141387939453,71.9500207603691,68.95210322868705,69.94141387939453,2230116
2022-01-25,70.70087432861328,70.84077650887642,69.96139028663714,70.70087432861328,4863181
2022-01-26,69.95140075683594,72.84938888443867,69.77152542135445,69.95140075683594,7270521
2022-01-27,69.55168151855469,70.94071595791262,69.451752464289,69.55168151855469,5441506
2022-01-28,69.46174621582031,70.42107884024419,69.05202719050389,69.46174621582031,1921970
2022-01-31,69.45175170898438,70.44106229642246,69.45175170898438,69.45175170898438,15245008
2022-02-01,69.75154113769531,70.15125731972425,68.9520935254425,69.75154113769531,17716142
2022-02-02,70.51101684570312,71.0506429081874,70.05133707931247,70.51101684570312,10784801
2022-02-03,69.46174621582031,70.45105679349213,69.46174621582031,69.46174621582031,3732325
2022-02-04,70.43106842041016,70.69088241058772,69.60164286751923,70.43106842041016,2312000
2022-02-07,70.14127349853516,70.85077967086046,70.05133201590633,70.14127349853516,9947603
2022-02-08,71.15056610107422,71.45036087466296,69.9514022549148,71.15056610107422,2868243
2022-02-09,73.89865112304688,73.89865112304688,71.45035528528778,73.89865112304688,15039948
2022-02-10,73.42899322509766,73.54890504116284,72.4896433373968,73.42899322509766,4259161
2022-02-11,73.24910736083984,73.40899230067215,72.44965978938708,73.24910736083984,6636241
2022-02-14,71.6801986694336,72.44966067649848,71.45035501199506,71.6801986694336,5251521
2022-02-15,72.5096206665039,72.53959861827434,71.75015380799415,72.5096206665039,2597875
2022-02-16,70.64093017578125,72.64952936530304,70.15126483934216,70.64093017578125,3850832
2022-02-17,70.04134368896484,71.24051528893747,69.65161501560085,70.04134368896484,4481926
2022-02-18,69.9614028930664,70.4510606122194,69.70158124400429,69.9614028930664,2711381
2022-02-21,69.65160369873047,70.17124692818415,69.05202180821247,69.65160369873047,976048
2022-02-22,70.67090606689453,72.04994530028645,69.35182274066372,70.67090606689453,3951349
2022-02-23,70.65090942382812,72.44966272031631,70.15125657748112,70.65090942382812,3815828
2022-02-24,70.95071411132812,71.35043796916938,66.45383786483549,70.95071411132812,5975082
2022-02-25,76.94654083251953,76.94654083251953,72.49963340547401,76.94654083251953,9455862
2022-02-28,77.7459945678711,79.45480657709469,76.3469649180447,77.7459945678711,9353458
2022-03-01,76.34696197509766,77.74599157099564,75.94723814425566,76.34696197509766,5002179
2022-03-02,77.48616790771484,77.88589172808673,76.55681326559171,77.48616790771484,1687011
2022-03-03,77.8459243774414,78.43551114769511,76.96653038235344,77.8459243774414,5705197
2022-03-04,77.3262710571289,78.41551821685164,76.75666712240518,77.3262710571289,11709806
2022-03-07,74.24842071533203,76.84661415593375,74.05855018199378,74.24842071533203,8570687
2022-03-08,71.60026550292969,73.94863271989027,71.55029716091195,71.60026550292969,3250515
2022-03-09,76.94654083251953,76.94654083251953,71.75015411165077,76.94654083251953,20710473
2022-03-10,74.54820251464844,79.74459664681773,73.96860338804348,74.54820251464844,4004583
2022-03-11,77.19636535644531,79.24494509191875,75.44758038073296,77.19636535644531,8063037
2022-03-14,75.94723510742188,77.9558417496155,75.94723510742188,75.94723510742188,6704796
2022-03-15,79.19497680664062,79.45479842365575,77.8359204433118,79.19497680664062,12355666
2022-03-16,80.94375610351562,82.2928171804215,80.21425963835043,80.94375610351562,11509050
2022-03-17,84.23149108886719,84.84106826785576,82.57263971677406,84.23149108886719,7261381
2022-03-18,84.94099426269531,85.94030007755055,82.94238263298483,84.94099426269531,47252140
2022-03-21,85.94029998779297,86.4299577018131,84.94099417398142,85.94029998779297,1484700
2022-03-22,85.44064331054688,87.93890773483187,84.85105656598265,85.44064331054688,2230113
2022-03-23,87.03953552246094,87.03953552246094,83.99165734153299,87.03953552246094,14897688
2022-03-24,87.53919219970703,87.92892087690888,85.95029953482238,87.53919219970703,6002140
2022-03-25,87.63910675048828,87.9289063180828,87.38928032574448,87.63910675048828,2659375
2022-03-28,88.72835540771484,89.8175949782097,87.988871312879,88.72835540771484,866174
2022-03-29,85.94029998779297,86.52988675837459,84.44134126707564,85.94029998779297,5553158
2022-03-30,84.44133758544922,86.24009102152402,83.01233002903923,84.44133758544922,7415104
2022-03-31,84.92100524902344,85.79039636451904,84.39136680190015,84.92100524902344,3677701
2022-04-01,86.43994140625,86.88962591305977,85.14084097131483,86.43994140625,4117593
2022-04-04,86.13016510009766,86.88963198134583,85.99026290491521,86.13016510009766,2307698
2022-04-05,84.64119720458984,86.87964765934159,84.64119720458984,84.64119720458984,3662227
2022-04-06,86.33001708984375,86.33001708984375,81.19358650429955,86.33001708984375,2471746
2022-04-07,86.04022216796875,86.73974075618987,85.8203736866449,86.04022216796875,5220966
2022-04-08,87.93890380859375,89.35791610844899,86.43994522094727,87.93890380859375,3977252
2022-04-11,84.86104583740234,88.9482104820887,84.84106307621013,84.86104583740234,3973663
2022-04-12,86.92960357666016,86.92960357666016,84.96097006284576,86.92960357666016,71340817
2022-04-13,87.49920654296875,87.93890350018088,86.08019424809017,87.49920654296875,4099185
2022-04-14,86.94959259033203,88.43855597424718,86.94959259033203,86.94959259033203,8513257
2022-04-18,88.23870086669922,88.81829240798957,87.04952458324725,88.23870086669922,1393903
2022-04-19,89.6377182006836,90.4371658099687,88.93820726063221,89.6377182006836,6471004
2022-04-20,89.67769622802734,90.86687251498294,89.4878333191564,89.67769622802734,1457159
2022-04-21,88.21870422363281,89.73765312695265,87.7290465751074,88.21870422363281,5204297
2022-04-22,88.33863067626953,89.72766507222988,87.1194764296631,88.33863067626953,3399366
2022-04-25,86.9395980834961,87.53917999373516,85.21079582447419,86.9395980834961,4809433
2022-04-26,90.92682647705078,91.57637672807836,86.93959873861345,90.92682647705078,19628301
2022-04-27,93.13529205322266,93.62495735588207,91.06672947339125,93.13529205322266,4590277
2022-04-28,95.52362823486328,95.93334723156485,94.08463321077606,95.52362823486328,3187301
2022-04-29,96.33307647705078,98.73141181810847,95.64355306517099,96.33307647705078,6831639
2022-05-02,96.98262786865234,99.33099489947088,94.93404799388202,96.98262786865234,8107325
2022-05-03,97.58221435546875,97.82204561631114,96.14321154221777,97.58221435546875,5156392
2022-05-04,97.73210906982422,98.72141966472893,96.9526441513104,97.73210906982422,7666302
2022-05-05,97.13251495361328,97.94195778802685,96.7327987565818,97.13251495361328,5168750
2022-05-06,98.91129302978516,98.9312757915034,97.03259321613973,98.91129302978516,6745053
2022-05-09,97.43231201171875,98.93127065805288,97.24244147680508,97.43231201171875,6787088
2022-05-10,96.93265533447266,99.73071441438515,96.93265533447266,96.93265533447266,6371594
2022-05-11,97.23246002197266,98.41164120286005,97.13252333998855,97.23246002197266,6195391
2022-05-12,98.93126678466797,99.21107116783969,97.58220558060566,98.93126678466797,6586682
2022-05-13,102.9284896850586,104.90711837535491,100.92987823486328,102.9284896850586,3139128
2022-05-16,103.57804107666016,104.43744461967609,102.02911413599017,103.57804107666016,6168665
2022-05-17,107.17554473876953,108.57457435341922,104.92710673725688,107.17554473876953,6070439
2022-05-18,106.92571258544922,107.7251602151664,106.01634071604349,106.92571258544922,5693719
2022-05-19,106.92571258544922,107.62522354337852,106.92571258544922,106.92571258544922,8822678
2022-05-20,108.62452697753906,108.91432654659711,107.72515794319736,108.62452697753906,4197347
2022-05-23,107.93494415283203,108.62453095818852,102.43825718208595,107.93494415283203,6320594
2022-05-24,109.9337387084961,110.93313633311878,107.92494734806083,109.9337387084961,9120695
2022-05-25,116.92952728271484,117.67907553452712,111.0430756217997,116.92952728271484,11655283
2022-05-26,118.06884002685547,124.3050793475904,116.92952729397503,118.06884002685547,12747074
2022-05-27,116.92952728271484,120.92711795904698,113.93133427546574,116.92952728271484,13153657
2022-05-30,114.93073272705078,119.32808402591517,114.93073272705078,114.93073272705078,16587460
2022-05-31,112.93193054199219,116.4198260848499,110.94313142225826,112.93193054199219,2000000
2022-06-01,116.92952728271484,116.92952728271484,112.9319366063827,116.92952728271484,16421723
2022-06-02,118.71845245361328,120.41742547588554,115.95011658374231,118.71845245361328,5895684
2022-06-03,117.71904754638672,119.12819423732196,115.54036041181266,117.71904754638672,8213808
2022-06-06,115.07064056396484,116.92952073434081,113.73145142229542,115.07064056396484,3656702
2022-06-07,115.5303726196289,115.83019497961246,113.93133782424844,115.5303726196289,8470774
2022-06-08,114.93073272705078,115.43043156499448,113.54157056755123,114.93073272705078,3299687
2022-06-09,115.26053619384766,115.63030845534998,113.94133156204657,115.26053619384766,17918617
2022-06-10,96.05564880371094,103.75209986760575,95.95569647838734,96.05564880371094,11242137
2022-06-13,88.85897064208984,92.95707680397203,85.9802949959886,88.85897064208984,21574939
2022-06-14,85.06071472167969,88.65905136911003,84.67089536305063,85.06071472167969,9577923
2022-06-15,86.9598388671875,88.82897837895729,83.9612237338362,86.9598388671875,20589321
2022-06-16,81.66228485107422,84.56094775830665,80.56279412788201,81.66228485107422,16362180
2022-06-17,82.46192169189453,83.16159555287044,80.48283221590488,82.46192169189453,67488950
2022-06-20,86.46006774902344,86.93984951503775,82.46191432710329,86.46006774902344,2317238
2022-06-22,91.9575424194336,91.9575424194336,84.97077040781036,91.9575424194336,19960236
2022-06-23,86.93984985351562,94.95614414029104,86.47006560447143,86.93984985351562,6222175
2022-06-24,83.87127685546875,89.1288437281573,83.87127685546875,83.87127685546875,9569701
2022-06-28,81.95215606689453,83.71134588887845,79.96307666997345,81.95215606689453,9212165
2022-06-29,82.91171264648438,82.91171264648438,80.26294181413166,82.91171264648438,7652470
2022-06-30,81.95215606689453,85.02073882906983,80.96261512834812,81.95215606689453,15705558
2022-07-01,81.5323486328125,82.96168887877081,80.96261203831851,81.5323486328125,510668
2022-07-04,81.22249603271484,81.96215234546604,81.06256622137776,81.11254619388889,150016
2022-07-05,84.94078063964844,84.94078063964844,80.94262684890877,84.94078063964844,3199265
2022-07-06,83.95122528076172,87.4696046019033,82.53188263031,83.95122528076172,3963309
2022-07-07,88.95892333984375,89.05887566111835,85.96030794636587,85.96030794636587,112497546
2022-07-08,89.95845794677734,91.75763015606208,89.95845794677734,89.95845794677734,3345799
2022-07-11,86.4700698852539,89.82851954907512,86.46007236592096,86.4700698852539,3133448
2022-07-12,87.75947570800781,87.89941047575202,84.97076262075196,87.75947570800781,6595991
2022-07-13,87.95938110351562,87.95938110351562,86.11023654867313,87.95938110351562,3321733
2022-07-14,86.93984985351562,87.42962151436336,86.54003298459254,86.93984985351562,3226376
2022-07-15,83.26155853271484,86.85989553979125,83.18159362401076,83.26155853271484,7731324
2022-07-18,84.81083679199219,85.96030754597935,83.86127830549637,84.81083679199219,1815296
2022-07-19,88.75901794433594,88.75901794433594,83.97122782492714,88.75901794433594,9802821
2022-07-20,86.26016998291016,88.20926688063153,85.86035308377234,86.26016998291016,4050025
2022-07-21,86.8998794555664,87.35966624953717,85.97030834740038,86.8998794555664,2621300
2022-07-22,87.25970458984375,87.94938089408134,86.4900557582392,87.25970458984375,719878
2022-07-25,87.95938110351562,88.45915031433105,86.36012115408084,87.95938110351562,3772640
2022-07-26,87.0498046875,88.75902224078733,86.6699828011437,87.0498046875,1367704
2022-07-27,87.45960998535156,87.86942438970188,86.0702522196541,87.45960998535156,5025199
2022-07-28,95.45591735839844,95.45591735839844,89.05887006260869,95.45591735839844,17685187
2022-07-29,97.45500183105469,99.42409385742191,96.98521752516524,97.45500183105469,5935787
2022-08-01,99.85389709472656,99.85389709472656,98.60447397698942,99.85389709472656,12784353
2022-08-02,101.75301361083984,101.75301361083984,98.45453379379501,101.75301361083984,11926677
2022-08-03,101.46315002441406,103.20234478924992,100.95338328052534,101.46315002441406,7518024
2022-08-04,100.10377502441406,103.25232259574547,99.25416888634,100.10377502441406,2886977
2022-08-05,99.25416564941406,100.65351330137135,96.7753070750403,99.25416564941406,1840916
2022-08-08,99.94384765625,102.95246053129246,99.2541713101293,99.94384765625,3806286
2022-08-09,98.95430755615234,100.55356756723873,98.95430755615234,98.95430755615234,4076438
2022-08-10,100.74348449707031,101.85297282195299,100.47360483649159,100.74348449707031,2057827
2022-08-11,100.44361877441406,100.6535209381333,95.96569069665684,100.44361877441406,6900115
2022-08-12,99.50405883789062,99.9338606897728,98.49452283679558,99.50405883789062,4415260
2022-08-16,96.25555419921875,99.95384335292786,95.95568961881075,96.25555419921875,6702799
2022-08-17,94.50636291503906,95.8957207419012,93.35689217945308,94.50636291503906,11117205
2022-08-18,91.45777130126953,95.95569448002048,91.45777130126953,91.45777130126953,7546543
2022-08-19,88.95892333984375,91.95753873332163,88.95892333984375,88.95892333984375,7038279
2022-08-22,90.3582763671875,91.7576317062871,88.79899121750596,90.3582763671875,5459986
2022-08-23,85.96031188964844,89.75856127930794,85.96031188964844,85.96031188964844,10326811
2022-08-24,83.47145080566406,87.45960673765691,83.06163641653166,83.47145080566406,4754524
2022-08-25,85.56048583984375,85.56048583984375,82.96168751514627,85.56048583984375,7255049
2022-08-26,84.1611328125,84.96076660738935,82.96168974603901,84.1611328125,2536741
2022-08-29,84.1611328125,85.30060601339984,83.27154421926895,84.1611328125,7164703
2022-08-30,82.26201629638672,84.16113322323955,81.96215171537149,82.26201629638672,8957018
2022-08-31,84.31106567382812,84.31106567382812,82.02212173696027,84.31106567382812,49654894
2022-09-01,81.4623794555664,84.26109002095339,81.4623794555664,81.4623794555664,10774344
2022-09-02,86.75994110107422,89.75855647149098,79.06349040814726,86.75994110107422,8812524
2022-09-05,85.11070251464844,91.94754201063557,83.8612794231999,85.11070251464844,672049
2022-09-06,80.56279754638672,84.1711319610265,80.56279754638672,80.56279754638672,17823055
2022-09-07,78.06394958496094,81.0625648644796,77.96399726748493,78.06394958496094,7512077
2022-09-08,74.47561645507812,78.96354222610182,74.47561645507812,74.47561645507812,7349611
2022-09-09,78.59370422363281,78.663671608892,74.47561076116648,78.59370422363281,2631610
2022-09-12,77.96399688720703,81.43239643040579,76.97445598503691,77.96399688720703,2972092
2022-09-13,74.96537780761719,77.96399291992188,74.96537780761719,74.96537780761719,6095924
2022-09-14,76.64460754394531,76.76455490152709,74.96538266716587,76.64460754394531,652854
2022-09-15,75.7650146484375,75.9649192804052,73.95584493787639,75.7650146484375,11107151
2022-09-20,70.46746063232422,73.94585778913378,70.46746063232422,70.46746063232422,15279064
2022-09-21,69.96768951416016,70.7173433303833,68.21849727630615,69.96768951416016,6570908
2022-09-22,67.46884155273438,69.45792082030395,66.47930067853864,67.46884155273438,6612283
2022-09-23,64.95999908447266,65.91955504228572,64.17036282602929,64.95999908447266,6450764
2022-09-26,68.96814727783203,68.96814727783203,65.49974792647392,68.96814727783203,11004681
2022-09-27,70.59739685058594,71.85681741271465,67.65875904011638,70.59739685058594,10157418
2022-09-28,68.4683837890625,70.25755852872818,68.4683837890625,68.4683837890625,8485746
2022-09-29,65.07994842529297,68.25848096888433,64.96999858684538,65.07994842529297,1501000
2022-09-30,66.6692123413086,68.18851507349657,65.46976923768504,66.6692123413086,8654162
2022-10-03,69.25802612304688,69.9477101536495,66.97907947951072,69.25802612304688,1904759
2022-10-04,71.88680267333984,73.56602755520963,71.06718145872918,71.88680267333984,1313648
2022-10-05,69.96768951416016,70.55741352250334,68.46838188171387,69.96768951416016,3792048
2022-10-06,70.46746063232422,70.46746063232422,68.96815295929605,70.46746063232422,5434545
2022-10-07,67.45884704589844,70.9672290985501,67.45884704589844,67.45884704589844,1874404
2022-10-11,63.74056625366211,65.51974725506919,62.970921203621025,63.74056625366211,2927490
2022-10-12,61.12177658081055,64.68013095489036,60.9818379976039,61.12177658081055,11472902
2022-10-13,59.672447204589844,61.97138491464248,58.09317459752324,59.672447204589844,15824251
2022-10-14,60.721961975097656,61.77147660467251,59.50252382311234,60.721961975097656,1435357
2022-10-17,63.3707389831543,64.2203451368327,61.02182134797513,63.3707389831543,2303990
2022-10-18,62.08133316040039,64.57018174243693,60.971844881181184,62.08133316040039,2104663
2022-10-19,62.47114944458008,62.63107543464075,60.49206388772814,62.47114944458008,5286197
2022-10-20,69.4679183959961,69.4679183959961,62.501134568373104,69.4679183959961,7589245
2022-10-21,66.43932342529297,68.62831511830728,65.46976988773186,66.43932342529297,3849206
2022-10-24,64.13038635253906,67.86865777197877,64.13038635253906,64.13038635253906,5386655
2022-10-25,64.06041717529297,64.37027928800607,62.471154661132964,64.06041717529297,7251632
2022-10-26,63.94047546386719,64.07041271623434,62.501137664654415,63.94047546386719,9776399
2022-10-27,65.95954132080078,65.95954132080078,61.77147651553966,65.95954132080078,6419657
2022-10-28,65.46977233886719,65.66967699031579,62.970926066391335,65.46977233886719,9554263
2022-11-02,63.950469970703125,64.51021287883738,61.97138428496158,63.950469970703125,78618
2022-11-03,62.28124237060547,62.960928823587835,61.99137530417016,62.28124237060547,2648260
2022-11-04,64.57018280029297,64.57018280029297,62.481147272539786,64.57018280029297,5630568
2022-11-07,68.88819122314453,68.96815613292858,64.97000215420809,68.88819122314453,3800353
2022-11-08,72.56649017333984,73.74594585308893,69.0681055873233,72.56649017333984,7892299
2022-11-09,70.46746063232422,72.45654000996377,69.22803509119875,70.46746063232422,8935743
2022-11-10,70.91725158691406,73.4660777426196,64.98998813883513,70.91725158691406,6723857
2022-11-11,72.26663970947266,72.856363789425,71.21712118896986,72.26663970947266,796391
2022-11-14,73.51605987548828,74.81545535261785,71.97676966723982,73.51605987548828,5023158
2022-11-15,71.96676635742188,74.09578045018134,71.96676635742188,71.96676635742188,7413482
2022-11-16,72.48652648925781,72.51651904909151,70.567414457061,72.48652648925781,7987151
2022-11-17,73.36612701416016,73.36612701416016,72.4265583891443,73.36612701416016,6898343
2022-11-18,72.96630859375,74.16575171206505,71.96677011986301,72.96630859375,7559641
2022-11-21,73.9658432006836,73.9658432006836,72.21665096282959,73.9658432006836,2751284
2022-11-22,72.09671020507812,74.9454010681314,72.09671020507812,72.09671020507812,4520984
2022-11-23,71.20711517333984,72.09670376041544,70.76732345247956,71.20711517333984,1791689
2022-11-24,69.96768951416016,71.91678638599114,69.96768951416016,69.96768951416016,2047168
2022-11-25,69.26802062988281,69.96769452478122,68.96815603157006,69.26802062988281,1042755
2022-11-28,68.6383056640625,69.24802474757793,66.57925883336193,68.6383056640625,4494672
2022-11-29,69.96768951416016,70.6573734653648,66.96907424926758,69.96768951416016,6208178
2022-11-30,72.46653747558594,72.9663066995555,70.96722980367727,72.46653747558594,64405240
2022-12-01,70.96723175048828,71.96677022584727,68.9681547997703,70.96723175048828,4958970
2022-12-02,70.86727142333984,70.967223734411,69.26801156858396,70.86727142333984,3307207
2022-12-05,69.6678237915039,70.96722676860209,69.6678237915039,69.6678237915039,2621337
2022-12-06,70.96723175048828,70.96723175048828,68.81822250329178,70.96723175048828,3946620
2022-12-07,68.4683837890625,70.84728255349953,68.4683837890625,68.4683837890625,3355857
2022-12-09,69.26802062988281,69.86774220063481,67.06903136929415,69.26802062988281,4154539
2022-12-12,71.1671371459961,71.1671371459961,67.66875244533304,71.1671371459961,5472358
2022-12-13,67.96861267089844,71.46699714660645,67.96861267089844,67.96861267089844,13924704
2022-12-14,67.21896362304688,68.9681559849849,66.96907899991287,67.21896362304688,2925964
2022-12-15,67.9586181640625,67.9586181640625,66.26940334221659,67.9586181640625,2816701
2022-12-16,67.66875457763672,68.76825304747578,67.08902803320868,67.66875457763672,29699047
2022-12-19,69.95769500732422,69.95769500732422,67.6687510081148,69.95769500732422,5400304
2022-12-20,70.46746063232422,70.86727753697303,68.9581554395647,70.46746063232422,9137893
2022-12-21,70.17759704589844,71.3570527788494,69.96769487637414,70.17759704589844,1454732
2022-12-22,67.47884368896484,71.46700001616061,67.47884368896484,67.47884368896484,11116795
2022-12-23,67.73871612548828,68.4683825356317,67.47884162401083,67.73871612548828,1628093
2022-12-26,67.96861267089844,68.66828651569085,67.48883087313152,67.96861267089844,339122
2022-12-27,66.96907806396484,68.86820269841614,66.96907806396484,66.96907806396484,2047758
2022-12-28,66.96907806396484,67.65876205445531,66.96907806396484,66.96907806396484,2352596
2022-12-29,67.96861267089844,67.96861267089844,66.81914196084836,67.96861267089844,5966426
2022-12-30,66.96907806396484,67.8686642198495,66.76917341860087,66.96907806396484,4869567
2023-01-03,67.2989273071289,68.06856857698193,66.96907778038903,67.2989273071289,1541025
2023-01-04,66.96907806396484,67.158992815172,65.86958726271622,66.96907806396484,4942775
2023-01-05,67.89864349365234,67.90864101284912,66.66920791212378,66.96907248104472,10413117
2023-01-06,67.87865447998047,67.87865447998047,66.96907090134927,67.87865447998047,2212339
2023-01-09,67.94862365722656,68.06856338443822,67.09900991815577,67.94862365722656,3754232
2023-01-10,67.32891082763672,68.07856466764822,67.16898101468179,67.32891082763672,4120450
2023-01-11,67.58879089355469,67.61877582609834,67.2189589318126,67.58879089355469,3023270
2023-01-12,67.65876007080078,67.76870991028942,67.06902842028235,67.65876007080078,2844252
2023-01-13,67.35889434814453,67.66874882190353,66.96907496958545,67.35889434814453,4296631
2023-01-16,68.0585708618164,68.0585708618164,66.96907758833582,68.0585708618164,1972353
2023-01-17,71.74687194824219,72.96631013223576,68.98814356690211,71.74687194824219,6141601
2023-01-18,71.46700286865234,71.46700286865234,69.98768253081195,71.46700286865234,4170713
2023-01-19,70.46746063232422,70.85728001724169,69.61785447611622,70.46746063232422,13843476
2023-01-20,70.56741333007812,72.96630714494975,70.28754378308653,70.56741333007812,5920186
2023-01-23,70.66736602783203,72.46653830506573,70.66736602783203,70.66736602783203,1451437
2023-01-24,70.66736602783203,71.4669998456855,70.4274789328253,70.66736602783203,1953714
2023-01-25,69.02812194824219,70.34751237869595,68.9381671494234,69.46792130035114,16904664
2023-01-26,69.95769500732422,71.09716824698329,68.52835469780474,69.95769500732422,2230469
2023-01-27,70.19759368896484,70.88727008289756,69.55788201968683,70.19759368896484,840714
2023-01-30,71.08717346191406,71.4669953070429,70.21757231216452,71.08717346191406,6649173
2023-01-31,69.06810760498047,70.96723224661383,69.06810760498047,69.06810760498047,8886958
2023-02-01,69.27799987792969,70.3675006335557,69.06809774171676,69.27799987792969,2220968
2023-02-02,69.96768951416016,70.86727561880252,69.46792030334473,69.96768951416016,8684259
2023-02-03,69.36797332763672,69.87774009716453,69.29800593777004,69.36797332763672,2985690
2023-02-06,68.96814727783203,69.96768564417742,68.96814727783203,68.96814727783203,5480738
2023-02-07,69.2180404663086,69.94770691974932,68.96815584368655,69.2180404663086,1983856
2023-02-08,80.56279754638672,80.56279754638672,72.96630685141413,80.56279754638672,15208472
2023-02-09,80.56279754638672,87.45961437669503,80.56279754638672,80.56279754638672,3693794
2023-02-10,78.4637680053711,79.96307567426354,77.96399878240695,78.4637680053711,5375319
2023-02-13,77.96399688720703,79.96307373046875,76.96445846557617,81.20249923804658,21546080
2023-02-14,76.97445678710938,78.96353613163653,76.97445678710938,76.97445678710938,4203928
2023-02-15,78.95353698730469,78.95353698730469,77.29430718970717,78.95353698730469,8769757
2023-02-16,80.56279754638672,80.5727950661314,79.12346736395259,80.56279754638672,7349866
2023-02-17,78.0739517211914,80.5727979352204,77.99398681213285,78.0739517211914,2473365
2023-02-20,78.21388244628906,81.19251033445201,78.21388244628906,78.96353627165286,10856762
2023-02-21,78.6636734008789,79.7631718026747,78.57371860029919,78.6636734008789,2802472
2023-02-22,78.96353912353516,79.35335851673338,78.16390529725129,78.96353912353516,7810735
2023-02-23,78.77362060546875,79.95307624858238,78.76363071187627,78.77362060546875,4554887
2023-02-24,78.96353912353516,79.66321300212854,78.45377236863236,78.96353912353516,2886651
2023-02-27,78.9735336303711,79.95307702302892,78.96353611080882,78.9735336303711,2752480
2023-02-28,79.96308135986328,79.96308135986328,78.99352777823515,79.96308135986328,37590243
2023-03-01,79.96308135986328,80.16298601291346,79.33337483946889,79.96308135986328,1915617
2023-03-02,79.95307922363281,79.96307674347025,79.76317210196089,79.95307922363281,5445032
2023-03-03,82.59185791015625,82.96168987539701,79.95307705912913,82.59185791015625,2798909
2023-03-06,83.95122528076172,83.95122528076172,82.4619152496785,83.95122528076172,4073389
2023-03-07,84.96076965332031,84.96076965332031,82.15206900270765,84.96076965332031,10994910
2023-03-08,83.24156188964844,84.86081694329444,83.24156188964844,83.24156188964844,4003961
2023-03-09,81.96215057373047,83.8612751000037,81.96215057373047,81.96215057373047,4524171
2023-03-10,82.46192169189453,83.52143000305038,82.16205710812021,82.46192169189453,2483932
2023-03-13,81.4623794555664,81.9121686844198,79.60323742479285,81.4623794555664,3755923
2023-03-14,79.96308135986328,82.23203043806497,79.96308135986328,79.96308135986328,5579552
2023-03-15,79.15345001220703,80.9626121142334,78.08394420659714,79.15345001220703,9268001
2023-03-16,78.78361511230469,80.94262168190212,78.46376313449832,78.78361511230469,4997221
2023-03-17,75.96492004394531,79.76316909649177,75.96492004394531,75.96492004394531,64278423
2023-03-20,79.66321563720703,79.66321563720703,75.96492622652812,79.66321563720703,3928086
2023-03-21,79.96308135986328,82.06211072038495,79.86312903333818,79.96308135986328,8304121
2023-03-22,79.18344116210938,81.85220712595499,78.99352640689706,79.18344116210938,28302
2023-03-23,78.39380645751953,80.95262262938274,77.96400458872621,79.18344280371532,35264188
2023-03-24,77.26432800292969,78.39380374657276,76.21480954248705,77.26432800292969,1600353
2023-03-27,76.96446228027344,79.44332104416522,76.96446228027344,76.96446228027344,7804171
2023-03-28,76.7145767211914,78.93355332010695,76.7145767211914,76.7145767211914,7024301
2023-03-29,78.86358642578125,78.86358642578125,76.71457720052669,78.86358642578125,6000416
2023-03-30,78.4637680053711,78.96353722833524,77.77408403740117,78.4637680053711,2145980
2023-03-31,79.0035171508789,80.09301036162633,77.00444032305062,79.0035171508789,7093011
2023-04-03,81.36243438720703,81.36243438720703,78.42378879441678,81.36243438720703,914113
2023-04-04,81.56233978271484,83.46146445108796,80.56280128629463,81.56233978271484,2877100
2023-04-05,81.25248718261719,82.93171220077086,79.4733098376669,81.25248718261719,1268589
2023-04-06,81.65229797363281,82.31198938156614,81.25248107064766,81.96215245115656,17675295
2023-04-10,81.84220886230469,83.46146396233755,80.96261773592026,81.84220886230469,2620806
2023-04-11,81.75225067138672,82.73179408106837,81.09255163452615,81.75225067138672,297283
2023-04-12,82.9616928100586,83.07164265156348,81.59232236414444,82.9616928100586,4201468
2023-04-13,82.16205596923828,84.56094972856143,80.07302430908632,82.16205596923828,24458441
2023-04-14,84.61093139648438,84.61093139648438,82.96169142727358,84.61093139648438,2054972
2023-04-17,87.44961547851562,87.95938221523474,84.96076691244265,87.44961547851562,5123956
2023-04-18,85.96031188964844,88.85897509482294,85.96031188964844,85.96031188964844,5187775
2023-04-19,84.70088958740234,86.09024747974549,82.46192550293098,84.70088958740234,2925015
2023-04-20,83.85128021240234,85.95030943853527,83.55141562615198,83.85128021240234,2711964
2023-04-21,82.4519271850586,84.2610970217587,81.46238622384176,82.4519271850586,2706954
2023-04-24,84.26109313964844,85.41055623945644,82.971687643106,84.26109313964844,3624320
2023-04-25,83.56141662597656,84.94078462912638,83.12162487393292,83.56141662597656,1691481
2023-04-26,83.96122741699219,83.96122741699219,83.06164131234982,83.96122741699219,6326840
2023-04-27,83.94123840332031,84.17112796542293,82.52188807600575,83.94123840332031,1975416
2023-04-28,82.4519271850586,82.91171397133988,79.96307850193057,82.4519271850586,3944041
2023-05-02,82.9616928100586,83.94124386368209,81.0625681964609,82.9616928100586,2314072
2023-05-03,81.91217041015625,83.71134261522062,81.22249408644237,81.91217041015625,6587174
2023-05-04,79.98306274414062,81.4623829931426,79.96307533069212,79.98306274414062,4843095
2023-05-05,82.86173248291016,82.86173248291016,80.96260805279357,82.86173248291016,1424406
2023-05-08,84.6009292602539,84.95076617381532,83.77131056104197,84.6009292602539,7442153
2023-05-09,83.4814453125,84.94077811348743,83.46145789952493,83.4814453125,1464700
2023-05-10,84.0611801147461,84.80083641485886,83.49144351687073,84.0611801147461,2138693
2023-05-11,83.98121643066406,84.86081513902245,83.98121643066406,83.98121643066406,11700550
2023-05-12,84.36104583740234,84.86081505726152,84.0012113890339,84.36104583740234,687414
2023-05-15,83.0816421508789,84.4510050035444,83.0816421508789,83.0816421508789,4672733
2023-05-16,82.76178741455078,82.96169205590245,80.46284590964032,82.76178741455078,2674964
2023-05-17,83.36150360107422,83.76132048392695,81.83221107809484,83.36150360107422,11404338
2023-05-18,81.96215057373047,84.56094894479611,81.76224593975348,81.96215057373047,7611042
2023-05-19,78.67366790771484,82.06210253216868,78.46376575519423,78.67366790771484,6128326
2023-05-22,57.1772346496582,57.49721886688681,52.98743868284357,57.1772346496582,7811446
2023-05-23,57.9971923828125,58.79715289415567,57.39722295293328,57.9971923828125,6676192
2023-05-24,59.987098693847656,60.16708647409065,56.82725176243316,59.987098693847656,6579009
2023-05-25,60.79705810546875,61.49702500665847,60.39707974372658,60.79705810546875,5139492
2023-05-26,61.89700698852539,62.1969917125181,60.797057914535166,61.89700698852539,3407998
2023-05-29,60.65706253051758,62.496973585453844,60.65706253051758,60.65706253051758,2862465
2023-05-30,59.987098693847656,61.99699974926903,58.9971449226915,59.987098693847656,5571585
2023-05-31,59.5571174621582,59.877101662511954,57.79720054570002,59.5571174621582,75173899
2023-06-01,59.99709701538086,60.10709230356443,57.99719378153483,59.99709701538086,15234100
2023-06-02,59.77710723876953,60.29708254426775,58.99714618777857,59.77710723876953,3479526
2023-06-05,59.44712448120117,59.74710920384093,58.49716968074802,59.44712448120117,4040728
2023-06-06,58.99714279174805,59.79710328703873,58.60716228870087,58.99714279174805,1724107
2023-06-07,57.497215270996094,59.58711420473106,57.2472273785135,57.497215270996094,12408059
2023-06-08,56.84724807739258,58.14718823514447,56.79725125928967,56.84724807739258,7207341
2023-06-09,55.877296447753906,56.8472469053939,55.49731377188289,55.877296447753906,2721154
2023-06-12,55.39731979370117,55.857296611128476,55.09733126410609,55.39731979370117,8233876
2023-06-13,55.56731033325195,56.867246655646106,54.697353505770785,55.56731033325195,15324530
2023-06-14,54.47736358642578,56.287277384759435,54.097380904250926,54.47736358642578,4323572
2023-06-15,54.98733901977539,55.23732691458076,54.06738158334509,54.98733901977539,79324
2023-06-16,56.597259521484375,56.597259521484375,54.6973537538342,56.597259521484375,76698798
2023-06-19,55.9872932434082,56.977243217468114,55.007337292714475,55.9872932434082,1074989
2023-06-20,55.10733413696289,55.98729262660954,55.007336686711746,55.10733413696289,5060072
2023-06-22,54.04738235473633,55.5573113827715,54.03738451728141,54.04738235473633,12803641
2023-06-23,54.04738235473633,54.48736349300423,54.02738286531392,54.04738235473633,5047221
2023-06-27,54.097381591796875,54.687353205364175,53.99738795472286,54.097381591796875,11863680
2023-06-28,54.207374572753906,54.79734616119605,54.09737928794922,54.207374572753906,3750804
2023-06-29,54.1973762512207,54.97733726085138,53.99738517286315,54.1973762512207,2118258
2023-06-30,54.447364807128906,54.46736429665893,54.107381114143685,54.447364807128906,5898242
2023-07-03,54.997337341308594,55.28732421731851,54.59735518029404,54.997337341308594,1352950
2023-07-04,54.547359466552734,55.197329537713365,54.4973626490433,54.547359466552734,1771294
2023-07-05,54.627357482910156,54.69735379039859,54.5073605433477,54.627357482910156,5171481
2023-07-06,54.897342681884766,54.897342681884766,54.5973541594765,54.897342681884766,8857579
2023-07-07,55.54730987548828,55.78729993466975,54.987339428252504,55.54730987548828,3012558
2023-07-10,54.597354888916016,55.77729806164792,54.597354888916016,54.597354888916016,3025251
2023-07-11,55.29732131958008,56.78725084431097,55.29732131958008,55.29732131958008,5702417
2023-07-12,55.797298431396484,56.26727690331867,55.34731944918509,55.797298431396484,3309123
2023-07-13,58.0071907043457,58.0071907043457,55.49731386384391,58.0071907043457,11162138
2023-07-14,59.787105560302734,59.787105560302734,57.99719132630112,59.787105560302734,9064583
2023-07-17,60.297080993652344,60.297080993652344,59.007142508252954,60.297080993652344,18350405
2023-07-18,60.64706802368164,60.80706013226618,58.777155724865935,60.64706802368164,3539330
2023-07-19,59.59711456298828,60.93704987595441,59.59711456298828,59.59711456298828,2751220
2023-07-20,57.9971923828125,59.59711340549884,57.017240279603044,57.9971923828125,10147742
2023-07-21,58.537166595458984,58.537166595458984,56.517263939672524,58.537166595458984,2200525
2023-07-24,59.99709701538086,59.99709701538086,57.98719594375119,59.99709701538086,7132767
2023-07-25,61.397029876708984,61.48702567345205,60.00709394600767,61.397029876708984,3112247
2023-07-26,60.997047424316406,61.29703214054987,59.797104744869955,60.997047424316406,5005731
2023-07-27,62.44697952270508,62.48697850304629,61.51702420959184,62.44697952270508,2262896
2023-07-28,64.09689331054688,64.77686067481426,61.996996565582144,64.09689331054688,4303013
2023-07-31,63.496925354003906,64.99685272457093,63.35693274307299,63.496925354003906,3864373
2023-08-01,63.036949157714844,64.37688062656623,61.99699858848942,63.036949157714844,6808759
2023-08-02,63.446929931640625,63.72691515965295,60.59706557625213,63.446929931640625,3526201
2023-08-03,62.796958923339844,63.69691687776937,61.8470041524448,62.796958923339844,1039355
2023-08-04,62.696964263916016,62.99694897231022,62.04699421696812,62.696964263916016,1426664
2023-08-07,61.597015380859375,62.266984918423184,61.24703385605834,61.597015380859375,4244209
2023-08-08,59.157135009765625,61.99699763464266,59.157135009765625,59.157135009765625,5799742
2023-08-09,59.86709976196289,60.29707924462367,59.01714244852417,59.86709976196289,9195374
2023-08-10,58.69715881347656,59.79710403137906,58.40717193828883,58.69715881347656,8680535
2023-08-11,59.01714324951172,59.997095349139485,58.497167965410995,59.01714324951172,2559216
2023-08-14,59.19713592529297,59.567116951994365,58.497169037159466,59.19713592529297,2584576
2023-08-16,59.99709701538086,60.61706594980958,58.59716322588356,59.99709701538086,4546826
2023-08-17,59.697113037109375,59.99709776302194,58.99714613363824,59.697113037109375,2837159
2023-08-18,60.997047424316406,60.997047424316406,58.69715951384307,60.997047424316406,6124849
2023-08-21,59.397125244140625,59.997094664985454,58.66715723561226,59.397125244140625,9075928
2023-08-22,58.60716247558594,59.92709825065268,58.41716923487119,58.60716247558594,3300846
2023-08-23,58.18718338012695,59.487123537414334,58.097187581768786,58.18718338012695,2726738
2023-08-24,57.02723693847656,58.977143267051254,56.58725961995965,57.02723693847656,5808547
2023-08-25,56.99724197387695,57.967196259690496,56.99724197387695,56.99724197387695,1582418
2023-08-28,57.497215270996094,57.987193218647484,56.99723948603091,57.497215270996094,1560671
2023-08-29,57.007240295410156,57.89720044323666,57.007240295410156,57.007240295410156,1132389
2023-08-30,56.657257080078125,57.88719708114653,56.48726714031435,56.50726281539382,500804
2023-08-31,56.897247314453125,57.97719305413574,56.437266681455554,56.897247314453125,31780892
2023-09-01,56.78725051879883,57.527212543729284,54.96733896838605,56.78725051879883,2126539
2023-09-04,56.8172492980957,57.347222422571804,56.61725821627992,56.99724089027865,60878
2023-09-05,55.847293853759766,56.8272497525536,55.78729920063823,55.847293853759766,1195743
2023-09-06,55.917293548583984,56.07728947197418,55.007337714122464,55.917293548583984,2474174
2023-09-07,55.6273078918457,55.99728891123139,54.99733732353083,55.6273078918457,1770703
2023-09-08,55.7473030090332,55.99729091490331,55.10733458032777,55.7473030090332,1932645
2023-09-11,55.617305755615234,56.1472826863509,55.227325250129354,55.617305755615234,1137731
2023-09-12,56.09728240966797,56.09728240966797,55.09733082436542,56.09728240966797,3542125
2023-09-13,55.60730743408203,56.09728156739653,55.4673148245636,55.60730743408203,1292623
2023-09-14,55.827301025390625,56.16728091577981,55.217329924139,55.827301025390625,3122955
2023-09-15,55.09733200073242,55.997289972524484,55.09733200073242,55.09733200073242,41629060
2023-09-20,55.30732345581055,56.25727440851177,55.097330724249026,55.30732345581055,4058805
2023-09-21,54.66735076904297,55.88729291107003,54.39736720058988,54.66735076904297,3762503
2023-09-22,53.507408142089844,54.39736826536515,53.29741922273266,53.507408142089844,1656719
2023-09-25,50.99753189086914,53.5074087427989,50.75754182711478,50.99753189086914,2784319
2023-09-26,50.50755310058594,51.89748901399786,50.107574753546345,50.50755310058594,6500354
2023-09-27,52.9974365234375,53.117429651276055,51.01753274879401,52.9974365234375,1865351
2023-09-28,53.22742462158203,53.89739419489282,52.19747566691701,53.22742462158203,3485637
2023-09-29,53.297420501708984,54.017386887653615,52.61745309598632,53.297420501708984,715687
2023-10-02,52.69744873046875,53.84739075224891,52.59745128432751,52.69744873046875,881711
2023-10-03,51.49750900268555,53.34741799445264,51.49750900268555,51.49750900268555,6697515
2023-10-04,52.9974365234375,53.39741870224968,50.79754216899603,52.9974365234375,5304914
2023-10-05,54.32737350463867,54.88734397219015,52.957437034778295,54.32737350463867,1819905
2023-10-06,53.8173942565918,54.99733743768867,53.39741641985186,53.8173942565918,3028069
2023-10-10,54.397369384765625,54.76735041427221,52.49745979035715,54.397369384765625,6677468
2023-10-11,52.097476959228516,54.38736704420727,52.097476959228516,52.097476959228516,70870508
2023-10-12,51.49750900268555,52.99743644936571,51.147527457598606,51.49750900268555,1669453
2023-10-13,51.59749984741211,52.59745142441244,51.59749984741211,51.59749984741211,2591744
2023-10-16,54.997337341308594,56.457265744340305,51.59750041622266,54.997337341308594,2970725
2023-10-17,54.997337341308594,56.997240517356175,53.9973857532848,54.997337341308594,3410875
2023-10-18,54.1973762512207,55.687301965233786,53.99738517286315,54.1973762512207,82148782
2023-10-19,54.1973762512207,55.687301965233786,53.09742722751041,54.1973762512207,2936150
2023-10-20,52.00748062133789,54.00738380533033,51.897489150408894,52.00748062133789,3511698
2023-10-23,50.497554779052734,52.49745793861918,50.497554779052734,50.497554779052734,4846461
2023-10-24,50.60755157470703,51.997483701798465,50.497556287323505,50.60755157470703,8381056
2023-10-25,50.99753189086914,51.797492412529266,50.607551374966874,50.99753189086914,2118528
2023-10-26,53.18742370605469,53.3974164390126,50.29756422088663,53.18742370605469,2534264
2023-10-30,50.86753845214844,52.97743700600591,50.59755105376493,50.86753845214844,10094893
2023-10-31,49.697593688964844,51.69749682482249,49.00762466580595,49.697593688964844,2760533
2023-11-02,50.497554779052734,51.007528406356656,48.51765110882346,50.497554779052734,5309428
2023-11-03,52.097476959228516,51.797492241411085,47.99767691519408,48.49765271639402,8145587
2023-11-06,51.79749298095703,51.79749298095703,50.60755193033618,51.79749298095703,2646035
2023-11-07,50.99753189086914,52.097477131337726,50.777541316970364,50.99753189086914,6883158
2023-11-08,49.777587890625,50.997530025607055,49.737592726889325,49.777587890625,2558612
2023-11-09,50.39756393432617,51.38751391693783,49.77759117412136,50.39756393432617,2854333
2023-11-10,49.817588806152344,50.09757403575253,49.817588806152344,49.817588806152344,805904
2023-11-13,49.447608947753906,49.89758794489676,48.097671956325335,49.447608947753906,3039134
2023-11-14,49.50760269165039,49.93758219049178,49.01762853730451,49.50760269165039,3341164
2023-11-15,50.99753189086914,51.797492412529266,49.997580285165824,50.99753189086914,4192345
2023-11-16,51.79749298095703,51.82749412332597,50.097574469703886,51.79749298095703,6504844
2023-11-17,51.587501525878906,51.797490439595215,50.44755734911891,51.587501525878906,999761
2023-11-20,51.987483978271484,52.497457602308394,50.35756184560297,51.987483978271484,1630152
2023-11-21,50.39756393432617,52.31746924273227,50.39756393432617,50.39756393432617,5173602
2023-11-22,49.997581481933594,50.99753311157227,49.49760566711426,49.997581481933594,1506525
2023-11-23,50.48755645751953,50.7575400247011,49.697593801582656,50.48755645751953,344289
2023-11-24,50.99753189086914,50.99753189086914,49.997580285165824,50.99753189086914,2090268
2023-11-27,50.497554779052734,51.007528406356656,50.10757427325929,50.497554779052734,1860214
2023-11-28,50.79753875732422,50.88753455078701,50.02757559425645,50.79753875732422,1435305
2023-11-29,50.00757598876953,50.927533410304086,49.99757815152472,50.00757598876953,3312599
2023-11-30,50.59754943847656,50.59754943847656,49.94758318712914,50.59754943847656,90512070
2023-12-01,51.15752410888672,51.497507808161885,50.05757886597377,51.08752780149295,420516
2023-12-04,51.42750930786133,51.4975056122704,51.16751976475976,51.42750930786133,858093
2023-12-05,52.19747543334961,53.397418142699216,50.397563276581565,52.19747543334961,3103270
2023-12-06,51.887489318847656,52.307470985767786,51.337516686856326,51.887489318847656,1520489
2023-12-07,51.67749786376953,52.08747785822908,51.34751201201518,51.67749786376953,3097013
2023-12-11,50.79753875732422,51.29751454000362,50.48755621335099,50.79753875732422,1208387
2023-12-12,49.51760482788086,50.79754168465558,49.51760482788086,49.51760482788086,4102288
2023-12-13,49.39760971069336,50.49755492584739,49.02762487864899,49.39760971069336,6051096
2023-12-14,49.80759048461914,50.737545776200484,49.70759303608142,49.80759048461914,6369352
2023-12-15,50.29756546020508,52.43746130549836,49.89758710300329,50.29756546020508,46953331
2023-12-18,53.59740447998047,53.99738664761975,50.29756494775068,53.59740447998047,3686371
2023-12-19,54.49736404418945,54.7973487714384,53.60740770039538,54.49736404418945,3199163
2023-12-20,54.097381591796875,55.39732176083559,53.81739635637943,54.097381591796875,1930422
2023-12-21,54.69735336303711,54.91734012149081,53.4974106783766,54.69735336303711,2969180
2023-12-22,54.597354888916016,54.697352335892276,53.85739285385453,54.49736125645232,22603465
2023-12-26,53.797393798828125,54.987338610533605,53.68739851561039,53.797393798828125,1589167
2023-12-27,52.9974365234375,53.69740342910244,52.497460707178654,52.9974365234375,8455923
2023-12-28,53.747398376464844,54.457363095350004,52.54745569632031,53.747398376464844,2641667
2023-12-29,54.097381591796875,54.29737268045766,53.45741315969257,54.097381591796875,3881369
2024-01-02,55.68730163574219,55.987290158759826,54.59735427038069,55.68730163574219,3723648
2024-01-03,57.497215270996094,57.987193218647484,55.19732742305875,57.497215270996094,13811649
2024-01-04,60.69706344604492,60.99704816592563,59.107140234713235,60.69706344604492,7549241
2024-01-05,60.9870491027832,61.637015347045946,59.12713853657695,60.9870491027832,9465136
2024-01-08,60.48707580566406,61.977001598940866,59.30713257654555,60.48707580566406,7032124
2024-01-09,60.4970703125,60.99704610020661,59.49711873708677,60.4970703125,10609818
2024-01-10,59.70710754394531,60.3970765710147,59.00714067952548,59.70710754394531,3962547
2024-01-11,63.496925354003906,63.496925354003906,59.197134321280956,63.496925354003906,7260642
2024-01-12,64.19689178466797,64.89686250515797,63.69691978269881,64.19689178466797,2365113
2024-01-15,64.2868881225586,64.49687703929654,63.096943298685076,64.2868881225586,1612549
2024-01-16,64.67687225341797,65.15685239644715,63.49692901537285,64.67687225341797,6934877
2024-01-17,64.49687957763672,64.60687486630822,63.74691586161769,64.49687957763672,8285667
2024-01-18,62.88695526123047,64.65687385837963,62.24698685012152,62.88695526123047,12809083
2024-01-19,63.99690246582031,64.48687661419717,61.097041297032774,63.99690246582031,26548237
2024-01-22,66.49678039550781,66.85676357639197,64.10689671793112,66.49678039550781,5097371
2024-01-23,67.96671295166016,68.5966797269197,66.196794308891,67.96671295166016,10839598
2024-01-24,67.79672241210938,68.98665964382631,67.21674864561099,67.79672241210938,7288340
2024-01-25,69.97661590576172,69.97661590576172,67.57673055432682,69.97661590576172,5209278
2024-01-26,68.99665832519531,70.99656146505605,68.55667719313794,68.99665832519531,3281047
2024-01-29,69.78662109375,70.5865777735726,68.7066715655132,69.78662109375,1881264
2024-01-30,66.79676818847656,68.89666496787244,66.35678705467026,66.79676818847656,5501067
2024-01-31,66.99675750732422,67.79672184260389,64.99685429815037,66.99675750732422,8071275
2024-02-01,64.99685668945312,66.99675997220554,64.49688086876503,64.99685668945312,6842483
2024-02-02,62.93695068359375,64.99685229890669,62.596966995911274,62.93695068359375,1595214
2024-02-05,64.49687957763672,64.49687957763672,61.007046740709235,64.49687957763672,3285642
2024-02-06,64.99685668945312,65.4868308576003,63.336937117349144,64.99685668945312,3199321
2024-02-07,64.59687042236328,64.98685092751784,63.61691833352266,64.59687042236328,3869671
2024-02-08,61.7970085144043,63.01695069489163,61.597017430215985,61.7970085144043,3431080
2024-02-09,61.99699783325195,62.186987259839015,61.79700675475831,61.99699783325195,7422625
2024-02-12,63.896907806396484,63.896907806396484,61.8770051469837,63.896907806396484,5502609
2024-02-13,61.7970085144043,64.4968786146649,61.7970085144043,61.7970085144043,2814645
2024-02-14,62.49697494506836,62.88695545840357,61.49702334594727,62.49697494506836,3089239
2024-02-15,62.98695373535156,62.98695373535156,61.497024154681824,62.98695373535156,6914630
2024-02-16,61.99699783325195,63.12694418440538,61.697013122767764,61.99699783325195,8120367
2024-02-19,62.2969856262207,62.706965640888036,61.99700090089313,62.2969856262207,3026553
2024-02-20,63.09694290161133,63.09694290161133,61.996997694133334,63.09694290161133,4859424
2024-02-21,61.19704055786133,63.09694636736318,61.01704895918572,61.19704055786133,10476279
2024-02-22,62.366981506347656,62.366981506347656,60.247085138821156,62.366981506347656,8744109
2024-02-23,61.99699783325195,63.18693883779469,61.617015165565284,61.99699783325195,4545825
2024-02-26,61.55702209472656,62.28698630765913,60.50706985927016,61.987001589462714,498740
2024-02-27,63.386932373046875,63.386932373046875,61.497024427783366,63.386932373046875,3176371
2024-02-28,63.836910247802734,64.49687815071795,62.98695291425724,63.836910247802734,2093808
2024-02-29,67.44673156738281,67.44673156738281,63.72691425342849,67.44673156738281,61215605
2024-03-01,66.77676391601562,67.49673025942684,66.00680457204945,66.77676391601562,7359364
2024-03-04,67.23674011230469,68.9866553254926,66.99675387633731,67.23674011230469,3162244
2024-03-05,66.34678649902344,67.7067212723261,65.49682917296556,66.34678649902344,1827620
2024-03-06,67.49673461914062,67.94670979832472,66.79677153395971,67.49673461914062,5936500
2024-03-07,68.99665832519531,68.99665832519531,67.49673097029977,68.99665832519531,13519154
2024-03-08,68.99665832519531,69.89661626393764,67.99670675526494,68.99665832519531,1792040
2024-03-11,69.94660949707031,69.99661012734272,67.79671971780769,69.94660949707031,2667649
2024-03-12,71.46654510498047,71.88652296383412,51.9674880776325,71.46654510498047,6381462
2024-03-13,70.88656616210938,71.34654296866499,69.95661089717463,70.88656616210938,1578055
2024-03-14,69.37664031982422,70.78657575926354,69.09665508819735,69.37664031982422,4649511
2024-03-15,70.49658966064453,71.36655032205485,69.37664109263619,70.49658966064453,274435580
2024-03-18,67.48673248291016,70.49658898565902,67.01675400236171,67.48673248291016,599222
2024-03-19,68.99665832519531,69.51662978478808,66.29679213799334,68.99665832519531,3489340
2024-03-20,68.99665832519531,70.49658568009086,67.49673097029977,68.99665832519531,6739670
2024-03-21,68.47669219970703,69.99661534762708,67.10675569573996,68.47669219970703,12393686
2024-03-22,72.49649047851562,73.89642423425063,67.81671671901734,72.49649047851562,3703840
2024-03-25,72.04651641845703,73.99641900272964,71.49653998236715,72.04651641845703,3357892
2024-03-26,72.19650268554688,72.99646701956317,72.00651706871261,72.19650268554688,2222797
2024-03-27,72.49649047851562,72.99646627491919,72.1965019490634,72.49649047851562,3649688
2024-03-28,73.69642639160156,73.87641797627109,72.49648757982138,73.69642639160156,3456477
2024-04-01,74.2964096069336,74.99637270052831,73.79643378893007,74.2964096069336,5132488
2024-04-02,73.79643249511719,74.99637138567786,73.79643249511719,73.79643249511719,5428725
2024-04-03,73.49644470214844,74.69638360485904,73.49644470214844,73.49644470214844,12003728
2024-04-04,72.2864990234375,74.4963910505272,72.2864990234375,72.2864990234375,39709517
2024-04-05,71.7965316772461,73.99642226040461,70.00661730438296,71.7965316772461,5962364
2024-04-08,69.99661254882812,73.23645362210394,69.99661254882812,69.99661254882812,23384058
2024-04-09,70.4065933227539,70.99656108391359,70.00661117112405,70.4065933227539,6506215
2024-04-10,71.5965347290039,71.84652263492154,70.4065974845733,71.5965347290039,65658714
2024-04-11,72.79647827148438,73.29645406282967,71.5965317948406,72.79647827148438,9227125
2024-04-12,71.69652557373047,72.79647842015666,71.58653028908786,71.69652557373047,6707204
2024-04-15,71.49653625488281,72.61648474406562,71.07655843232361,71.49653625488281,6044046
2024-04-16,70.99656677246094,71.49654259480221,69.49663930543711,70.99656677246094,4944462
2024-04-17,71.69652557373047,72.49648989312676,69.55662979272432,71.69652557373047,7723105
2024-04-18,69.99661254882812,71.99651576450893,69.99661254882812,69.99661254882812,4792028
2024-04-19,69.89662170410156,70.99656699083043,69.49663951919317,69.89662170410156,744095
2024-04-22,69.98661041259766,70.27659729234888,69.78662314402281,69.98661041259766,3058305
2024-04-23,72.39649963378906,72.49649327111653,70.10660948257004,72.39649963378906,10413006
2024-04-24,71.20655059814453,72.98646317744796,71.20655059814453,71.20655059814453,13354794
2024-04-25,72.69647979736328,72.79648106268675,71.09655872951834,72.69647979736328,4029689
2024-04-26,73.89642333984375,74.59638639472664,72.98646373947089,73.89642333984375,4150388
2024-04-29,74.99636840820312,74.99636840820312,74.09641046149967,74.99636840820312,6697427
2024-04-30,74.89637756347656,75.02636852710616,74.05641423895153,74.89637756347656,11361240
2024-05-02,73.99642181396484,74.98637180751098,73.98642016137632,73.99642181396484,4412238
2024-05-03,73.29645538330078,74.4963942525369,73.0164625267221,73.29645538330078,2515088
2024-05-06,72.09651184082031,74.98637147501348,72.09651184082031,72.09651184082031,3571651
2024-05-07,72.99646759033203,73.35645078055158,72.04651661165703,72.99646759033203,6939580
2024-05-08,72.97647094726562,73.2464545218378,72.06651133154685,72.97647094726562,11201445
2024-05-09,73.69642639160156,74.28640177486133,72.99646335623395,73.69642639160156,3366769
2024-05-10,74.62638854980469,74.64639185496705,73.49644593695112,74.62638854980469,2011122
2024-05-13,74.68638610839844,75.98631858771442,73.99641707546083,74.68638610839844,1557675
2024-05-14,75.49634552001953,75.49634552001953,74.10641341149616,75.49634552001953,11541764
2024-05-15,74.34639739990234,75.69633048808127,74.34639739990234,74.34639739990234,4003296
2024-05-16,72.886474609375,74.3464030918993,71.99651825789803,72.886474609375,8872735
2024-05-17,72.70648193359375,73.66643458068961,72.29650573333558,72.70648193359375,5899838
2024-05-20,56.40999984741211,56.70000076293945,53.0,56.40999984741211,200000
2024-05-22,55.849998474121094,57.220001220703125,54.5,55.849998474121094,11420398
2024-05-23,56.20000076293945,57.0,55.31999969482422,56.20000076293945,8275886
2024-05-24,58.29999923706055,58.97999954223633,56.529998779296875,58.29999923706055,6709954
2024-05-27,61.5,61.869998931884766,58.5,61.5,19438256
2024-05-28,61.5,64.75,61.11000061035156,61.5,19956747
2024-05-29,61.400001525878906,62.4900016784668,61.0099983215332,61.400001525878906,22352789
2024-05-30,59.79999923706055,62.130001068115234,59.79999923706055,59.79999923706055,4379328
2024-05-31,59.470001220703125,62.5,59.470001220703125,59.470001220703125,285779127
2024-06-03,59.970001220703125,62.0,59.58000183105469,59.970001220703125,11776577
2024-06-04,61.5,62.400001525878906,61.029998779296875,61.5,4896168
2024-06-05,60.099998474121094,62.20000076293945,60.099998474121094,60.099998474121094,7131176
2024-06-06,60.5,61.349998474121094,60.29999923706055,60.5,7577735
2024-06-07,60.25,61.0099983215332,59.54999923706055,60.25,6780641
2024-06-10,60.5,61.5,60.25,60.5,6917795
2024-06-11,59.54999923706055,60.400001525878906,59.11000061035156,59.54999923706055,8155698
2024-06-12,59.5,60.970001220703125,58.79999923706055,59.5,6279943
2024-06-13,56.900001525878906,59.5,56.599998474121094,56.900001525878906,7398381
2024-06-14,59.5,59.5,56.900001525878906,59.5,9820607
2024-06-17,58.75,59.70000076293945,58.2400016784668,58.75,4789514
2024-06-18,59.529998779296875,59.599998474121094,58.5,59.529998779296875,6712577
2024-06-19,59.29999923706055,59.95000076293945,58.810001373291016,59.29999923706055,5368935
2024-06-21,60.09000015258789,60.9900016784668,59.31999969482422,60.09000015258789,59119555
2024-06-24,60.849998474121094,60.900001525878906,59.630001068115234,60.849998474121094,1907945
2024-06-25,61.0,61.5,60.599998474121094,61.0,7558726
2024-06-26,61.52000045776367,61.650001525878906,61.0,61.52000045776367,6536815
2024-06-27,61.099998474121094,61.619998931884766,60.27000045776367,61.099998474121094,2140946
2024-06-28,59.7599983215332,61.5,59.7599983215332,59.7599983215332,4117745
2024-07-01,61.400001525878906,61.880001068115234,59.7599983215332,61.400001525878906,11633047
2024-07-02,63.25,63.25,60.9900016784668,63.25,3639013
2024-07-03,67.79000091552734,67.80000305175781,63.2599983215332,67.79000091552734,5634508
2024-07-04,68.0,68.51000213623047,66.30000305175781,68.0,2054722
2024-07-05,65.80999755859375,68.9000015258789,65.56999969482422,65.80999755859375,4511106
2024-07-08,68.0,68.5,65.0,68.0,4460
2024-07-09,69.9000015258789,70.0,68.0,69.9000015258789,1992412
2024-07-10,73.4000015258789,73.44000244140625,70.0999984741211,73.4000015258789,5524795
2024-07-11,74.0199966430664,74.70999908447266,72.19999694824219,74.0199966430664,5500171
2024-07-12,72.51000213623047,73.98999786376953,71.05999755859375,72.51000213623047,3748498
2024-07-15,71.5,73.19999694824219,70.19999694824219,72.55000305175781,37211842
2024-07-17,69.05999755859375,72.4000015258789,69.0,72.01000213623047,45040991
2024-07-18,66.19999694824219,69.05999755859375,65.75,69.05999755859375,146954597
2024-07-19,65.19999694824219,67.9800033569336,64.3499984741211,66.0,137904975
2024-07-22,66.88999938964844,67.22000122070312,66.0,65.52999877929688,36300579
2024-07-23,65.0,66.87000274658203,65.0,66.5,37235352
2024-07-24,64.30999755859375,66.0,63.04999923706055,66.48999786376953,113841447
2024-07-25,62.400001525878906,64.27999877929688,62.0,64.27999877929688,78095681
2024-07-26,61.5099983215332,62.91999816894531,61.310001373291016,62.099998474121094,28105159
2024-07-29,65.5,65.66999816894531,62.599998474121094,62.599998474121094,93532491
2024-07-30,64.8499984741211,65.5,64.37000274658203,65.4000015258789,17371701
2024-07-31,64.7300033569336,66.05000305175781,64.41000366210938,65.16000366210938,30928467
2024-08-01,64.75,65.88999938964844,63.5,64.6500015258789,36765681
2024-08-02,63.0,64.5,62.349998474121094,64.48999786376953,50736175
2024-08-05,61.099998474121094,61.9900016784668,59.22999954223633,61.5,58728409
2024-08-06,60.5,62.54999923706055,60.5,61.5,42824353
2024-08-07,61.0,62.9900016784668,60.720001220703125,60.720001220703125,56438386
2024-08-08,61.29999923706055,62.0,61.0,60.900001525878906,27674127
2024-08-09,61.5,61.849998474121094,61.0,61.5099983215332,20177149
2024-08-12,61.5,62.88999938964844,61.029998779296875,62.0,28996947
2024-08-13,59.75,60.47999954223633,57.9900016784668,58.939998626708984,175934163
2024-08-14,59.29999923706055,59.599998474121094,58.0,59.45000076293945,135896810
2024-08-16,57.7400016784668,59.29999923706055,57.529998779296875,59.0099983215332,120483004
2024-08-19,56.70000076293945,57.95000076293945,56.5,57.7400016784668,135004199
2024-08-20,56.20000076293945,57.7599983215332,56.0099983215332,56.47999954223633,174544449
2024-08-21,57.27000045776367,57.400001525878906,55.70000076293945,56.9900016784668,242966484
2024-08-22,58.4900016784668,58.599998474121094,57.099998474121094,57.5,150625188
2024-08-23,57.31999969482422,58.599998474121094,56.70000076293945,58.599998474121094,127767437
2024-08-26,58.900001525878906,58.900001525878906,57.279998779296875,57.40999984741211,133048801
2024-08-27,59.29999923706055,59.75,58.0,58.900001525878906,90943129
2024-08-28,58.9900016784668,59.88999938964844,57.70000076293945,59.310001373291016,130521885
2024-08-29,59.599998474121094,59.599998474121094,57.959999084472656,58.099998474121094,184694880
2024-08-30,55.52000045776367,61.459999084472656,55.52000045776367,59.099998474121094,1961750057
2024-09-02,57.060001373291016,57.470001220703125,56.29999923706055,56.900001525878906,194735421
2024-09-03,56.0,57.29999923706055,55.900001525878906,57.0,191376066
2024-09-04,56.20000076293945,56.5,55.880001068115234,56.45000076293945,249701537
2024-09-05,54.40999984741211,56.5,54.40999984741211,56.0,129483012
2024-09-06,53.540000915527344,54.310001373291016,52.81999969482422,54.0,102229135
2024-09-09,51.5,53.86000061035156,51.20000076293945,53.540000915527344,80265285
2024-09-10,52.0,52.38999938964844,51.22999954223633,52.099998474121094,191129943
2024-09-11,53.0,53.5,51.97999954223633,53.0099983215332,111673407
2024-09-12,52.349998474121094,54.0,51.61000061035156,53.11000061035156,70062066
2024-09-13,51.4900016784668,52.68000030517578,50.66999816894531,52.34000015258789,111580309
2024-09-16,51.29999923706055,51.45000076293945,50.099998474121094,51.0,51707240
2024-09-17,50.5,51.70000076293945,50.5,51.5,39387144
2024-09-23,52.0,52.0,50.5,51.0,101252166
2024-09-24,53.09000015258789,53.93000030517578,52.70000076293945,52.70000076293945,94734144
2024-09-25,53.88999938964844,54.290000915527344,53.09000015258789,53.52000045776367,58454020
2024-09-26,55.0,55.400001525878906,54.2599983215332,54.599998474121094,157672894
2024-09-27,54.5,55.279998779296875,54.5,55.189998626708984,75619934
2024-09-30,55.0,56.0,54.54999923706055,55.349998474121094,100600630
2024-10-01,54.130001068115234,54.95000076293945,53.25,54.11000061035156,59344049
2024-10-02,52.5,54.790000915527344,52.5,54.790000915527344,90827591
2024-10-03,52.5,53.38999938964844,51.5,52.560001373291016,49348506
2024-10-04,51.849998474121094,52.38999938964844,50.099998474121094,50.5099983215332,100606321
2024-10-07,51.29999923706055,53.0,51.20000076293945,52.060001373291016,63002754
2024-10-08,51.29999923706055,52.0,51.0,51.0,21106404
2024-10-09,51.41999816894531,51.900001525878906,51.099998474121094,51.5,31840238
2024-10-10,51.9900016784668,52.4900016784668,51.599998474121094,51.5099983215332,33330656
2024-10-11,52.689998626708984,52.84000015258789,52.0,52.0,37964989
2024-10-14,52.689998626708984,52.689998626708984,52.689998626708984,52.689998626708984,0
2024-10-15,52.689998626708984,52.689998626708984,52.689998626708984,52.689998626708984,0
2024-10-16,52.689998626708984,52.689998626708984,52.689998626708984,52.689998626708984,0
2024-10-17,51.04999923706055,51.689998626708984,50.77000045776367,51.599998474121094,84372428
2024-10-18,51.7400016784668,51.79999923706055,50.9900016784668,51.869998931884766,84446870
2024-10-21,53.20000076293945,53.29999923706055,52.0,52.0,64365722
2024-10-22,53.849998474121094,54.4900016784668,53.5,53.5,136768297
2024-10-23,52.79999923706055,53.70000076293945,52.79999923706055,53.70000076293945,37431173
2024-10-24,54.13999938964844,54.5,53.5,53.5,86111662
2024-10-25,55.29999923706055,55.7400016784668,54.400001525878906,54.40999984741211,111903341
2024-10-28,54.720001220703125,55.47999954223633,54.2400016784668,55.400001525878906,36654801
2024-10-29,54.45000076293945,55.0,54.130001068115234,54.79999923706055,37929233
2024-10-30,51.900001525878906,54.70000076293945,51.900001525878906,54.70000076293945,53588764
2024-11-04,53.599998474121094,53.599998474121094,52.529998779296875,52.310001373291016,51512745
2024-11-05,52.61000061035156,54.22999954223633,52.61000061035156,53.97999954223633,39281723
2024-11-06,52.20000076293945,52.75,51.5,51.900001525878906,83268014
2024-11-07,53.5,54.209999084472656,52.95000076293945,52.95000076293945,58281144
2024-11-08,53.29999923706055,54.0,53.2599983215332,53.5,43435809
2024-11-11,53.5,54.95000076293945,53.099998474121094,53.29999923706055,25254138
2024-11-12,52.599998474121094,53.79999923706055,52.02000045776367,53.709999084472656,46151256
2024-11-13,53.060001373291016,53.33000183105469,52.650001525878906,52.650001525878906,32827797
2024-11-14,54.099998474121094,54.38999938964844,53.75,54.16999816894531,88712266
2024-11-15,54.099998474121094,54.5,53.70000076293945,54.5,28112181
2024-11-18,53.400001525878906,54.369998931884766,53.29999923706055,54.099998474121094,30801635
2024-11-19,52.849998474121094,53.79999923706055,52.650001525878906,53.400001525878906,32233142
2024-11-20,53.04999923706055,53.16999816894531,52.59000015258789,53.5,33009393
2024-11-21,53.0,53.0,52.5,53.0,17264696
2024-11-22,52.5099983215332,52.90999984741211,52.5099983215332,53.0,17965172
2024-11-25,52.02000045776367,52.5,52.02000045776367,52.5,21220336
2024-11-26,52.0099983215332,52.29999923706055,52.0,52.02000045776367,24441342
2024-11-27,52.29999923706055,52.29999923706055,51.849998474121094,52.0099983215332,31855176
2024-11-28,52.04999923706055,52.45000076293945,52.0,52.29999923706055,21302546
2024-11-29,52.20000076293945,52.38999938964844,52.0099983215332,52.099998474121094,19504102
2024-12-02,52.04999923706055,52.5,51.70000076293945,52.20000076293945,27093402
2024-12-03,52.279998779296875,53.0,52.209999084472656,52.29999923706055,201846133
2024-12-04,52.20000076293945,52.54999923706055,52.189998626708984,52.349998474121094,15853151
2024-12-05,52.79999923706055,52.95000076293945,52.25,52.5,67187742
2024-12-06,52.70000076293945,53.38999938964844,52.5099983215332,52.79999923706055,33919652
2024-12-09,52.83000183105469,53.0,52.5099983215332,53.0,32023042
2024-12-10,52.599998474121094,52.869998931884766,52.29999923706055,52.79999923706055,32793030
2024-12-11,52.52000045776367,52.95000076293945,52.41999816894531,52.63999938964844,37159122
2024-12-12,53.150001525878906,53.15999984741211,52.5,52.529998779296875,37452560
2024-12-13,53.5,53.79999923706055,53.20000076293945,53.5,58121900
2024-12-16,53.4900016784668,53.84000015258789,53.4900016784668,53.84000015258789,44360835
2024-12-17,52.9900016784668,53.689998626708984,52.720001220703125,53.47999954223633,26976380
2024-12-18,53.900001525878906,53.900001525878906,52.75,52.75,45756384
2024-12-19,54.5,54.70000076293945,53.02000045776367,54.0,35072375
2024-12-20,53.7400016784668,54.83000183105469,53.7400016784668,54.650001525878906,94744133
2024-12-23,53.54999923706055,54.0,53.220001220703125,53.599998474121094,27469865
2024-12-24,53.939998626708984,54.2400016784668,53.0,53.70000076293945,22847637
2024-12-26,53.0099983215332,54.279998779296875,53.0099983215332,54.0,15839243
2024-12-27,53.5,53.880001068115234,53.0099983215332,53.0099983215332,36161800
2024-12-30,53.70000076293945,53.849998474121094,53.130001068115234,53.5,7106098
2025-01-02,54.95000076293945,54.95000076293945,53.599998474121094,53.70000076293945,58042018
2025-01-03,56.400001525878906,56.45000076293945,54.5,54.9900016784668,109595532
2025-01-06,56.45000076293945,57.5099983215332,56.040000915527344,56.400001525878906,69192422
2025-01-07,55.619998931884766,56.83000183105469,55.0,56.59000015258789,40825636
2025-01-08,55.189998626708984,56.0099983215332,55.189998626708984,56.0099983215332,20547266
2025-01-09,54.41999816894531,55.0,54.20000076293945,55.0,62013411
2025-01-10,54.349998474121094,55.0,54.16999816894531,54.599998474121094,46231716
2025-01-13,53.75,54.70000076293945,53.75,54.189998626708984,18766689
2025-01-14,54.310001373291016,54.380001068115234,53.75,53.7599983215332,32952782
2025-01-15,55.040000915527344,55.400001525878906,54.400001525878906,54.400001525878906,40151796
2025-01-16,54.400001525878906,54.869998931884766,54.380001068115234,54.869998931884766,45914755
2025-01-17,54.400001525878906,54.5,53.900001525878906,54.400001525878906,42746339
2025-01-20,54.08000183105469,54.9900016784668,54.0,54.61000061035156,12667495
2025-01-21,53.689998626708984,54.5,53.66999816894531,54.08000183105469,32581913
2025-01-22,53.97999954223633,54.5,53.779998779296875,54.380001068115234,59696225
2025-01-23,54.119998931884766,54.459999084472656,54.0,54.0,16155697
2025-01-24,53.75,54.31999969482422,53.709999084472656,54.25,32493664
2025-01-27,53.77000045776367,54.0,53.5,54.0,38257881
2025-01-28,53.2599983215332,54.0,53.15999984741211,54.0,36191141
2025-01-29,53.5,54.279998779296875,53.29999923706055,54.279998779296875,29119814
2025-01-30,53.79999923706055,54.29999923706055,53.79999923706055,54.0,44376509
2025-01-31,54.70000076293945,55.0,53.849998474121094,54.25,49235934
2025-02-03,54.400001525878906,54.45000076293945,53.79999923706055,54.0099983215332,25043894
2025-02-04,54.5,54.900001525878906,54.400001525878906,54.400001525878906,24169355
2025-02-05,53.95000076293945,54.7400016784668,53.79999923706055,54.0,49345947
2025-02-06,54.29999923706055,55.119998931884766,53.95000076293945,54.349998474121094,48904166
